2.989750131863906923e-01 3.750335091764180062e-02 1.384144531132039113e-01 3.424500387472256824e-01 2.644655184483665766e-01 -7.280379092236868854e-02 1.867385014003285770e-01 -3.578195769055823178e-02 -1.925089085846578424e-02 5.823059364373365382e-02 4.332453549340866544e-02 1.543691868568226322e-01 7.750939174240865925e-02 -6.684964167249155334e-03 1.782511859433781876e-01 3.739174777320843773e-02 2.860708556404973901e-01 -9.051686218087005853e-02 4.466794253944827292e-02 -1.189179287029060589e-01 -3.300555530101071944e-01 8.740920173732971699e-02 1.242027006734451045e-01 -1.049579837377695030e-01 3.321621252195707252e-01 -2.070235783325810597e-01 4.156389889681987027e-02 3.306580803111059536e-02 1.340863010092431251e-01 2.422500649240378334e-01 1.223245346058775274e-01 5.384563927805019468e-02 -1.255518644780043158e-01 -2.371326980467492740e-01 -5.258934385444831439e-02 5.029259425223771979e-02 1.998031322366528861e-01 1.628241919977952978e-01 -5.477628382491334796e-02 -1.868739917739259404e-02 -1.485493627080806123e-01 -8.807232677241022545e-02 -2.444326875497198348e-01 2.677168742635379073e-01 -4.721486777917856953e-02 -7.017355599860167215e-02 -1.216233938881491616e-01 8.507160907525700144e-02 -2.257291497979084793e-01 -2.967192639627475731e-02 -1.269428202801778927e-01 1.641041777081610198e-02 -7.224328751638781076e-02 -1.884399191650817651e-01 -1.191973510799245080e-02 6.057527405007533117e-02 8.982894480445669308e-03 2.726091355659175652e-02 -1.296838535086652089e-01 6.218183792570256690e-02 -9.290364529472314170e-02 -5.084849574447578013e-02 -1.152320159246136150e-01 -1.600264787299190694e-01
3.614734258363077463e-02 -6.840690548788658232e-02 -2.305448611637580802e-01 7.489346602675185649e-02 -1.259353146801145407e-01 4.163906181220031200e-02 1.586988173959936743e-01 2.515994652464254022e-02 1.583181508496360190e-01 -1.742377151832711912e-01 8.670793295929624112e-02 -8.793677185461641621e-02 -1.364272244295171022e-01 -1.017704206162784869e-01 2.193274524390374444e-02 -1.222811460440829208e-03 -1.248283545574144920e-01 1.102705434532816192e-01 6.605590272969477650e-02 -2.157129757889811872e-01 2.222656336825108436e-01 2.635119885991973887e-01 1.682472595733073284e-01 -2.544521430135790116e-02 -1.441800571835167022e-01 1.464779090363921288e-01 -4.015889208878217764e-02 2.403876331696125634e-01 -4.399947067751773348e-03 1.614643227432033257e-01 1.146311667972314263e-01 1.010648135315094093e-01 1.484927170858284153e-03 2.738005876701609109e-01 2.056456323152399887e-02 7.211850570942883454e-02 2.777215150385948239e-01 -1.941834852772471032e-01 -1.796737115650085537e-01 1.405626818502678510e-01 -1.668422942008426502e-01 3.105150894218499102e-01 -6.654976103422718947e-02 -1.105426397845982733e-01 2.973455789339867761e-01 2.078588164226213009e-01 2.895565990449741056e-01 1.087155878373098211e-01 -1.177415399039179883e-01 2.689156080106980817e-01 -3.810240737923673709e-02 1.230313241746920638e-01 1.339549548865212325e-01 -2.368761391749422268e-02 8.279560949185446606e-02 1.304197182240332820e-01 6.826946796391969441e-02 -1.581382913625859754e-01 2.049352734907779194e-02 2.763658345480628498e-01 -9.616029823697815060e-02 -2.116151963308558065e-02 -6.171572348882094911e-02 3.053724985931183245e-01
8.538626562136070186e-02 3.932923492374834629e-02 -1.088825754369619897e-01 8.177976616046682412e-02 -9.414137785659812407e-02 3.160201055209183041e-02 -2.372335902283835216e-02 1.139669717888884964e-01 7.828742354933153347e-02 -2.909904072339021888e-02 8.942959042219662813e-02 -1.164729038452413656e-01 -2.206795983202577416e-01 3.526114780487239059e-02 7.801658663041254049e-02 7.829755709381670814e-02 3.665454604876194344e-01 1.258369715735457028e-01 -1.289502510621389209e-01 1.608637836651128916e-01 -1.788001459151660477e-01 -6.902429756708947095e-02 -7.830294265367561055e-03 2.423032513949764932e-01 -9.934683857558725129e-02 -1.184206043979639383e-01 -4.859906308557057283e-03 -6.919475580606652618e-03 1.437579616475952171e-01 -1.293218545024193700e-01 -1.006581005834230880e-01 -6.097254384071960215e-02 -7.043242462709672913e-02 2.859455083877796566e-01 1.333456120471574191e-01 2.370253267175642664e-02 -1.663570037812332758e-01 1.165281970691226521e-01 -1.414518109572039106e-01 -2.219510290440531164e-01 1.670994337611733660e-01 5.086498475381009965e-02 1.193538272668402123e-01 4.111763105211240638e-02 1.533171135177883726e-01 -8.813454267051754054e-02 -1.271237444115820570e-01 6.621852328047037051e-02 -1.088420904009328588e-01 -9.947401677959816224e-02 -6.456675695879121601e-02 3.467079293061474388e-02 -5.007543633612747402e-02 -1.848840877491503554e-01 -9.288137582749024512e-02 -3.144366892498875465e-01 1.147467571515266016e-01 -2.321832164139719656e-01 -1.796213899113621448e-01 1.056099318928190034e-01 -1.026139693775482975e-01 2.182152167763839745e-01 -1.830084431538192835e-01 7.338575169644495633e-02
3.859370407112834578e-02 -1.779164724348672733e-01 7.400249501973081567e-02 -1.865388729890730696e-03 1.094715667067751169e-01 1.726815332859970575e-01 3.597105423920932132e-01 1.772346148223398754e-01 -5.553718425008177806e-02 -3.375370976330800687e-02 1.736028965388022316e-01 5.354271720211938729e-02 6.228701097081525834e-02 -2.496771179134742724e-01 1.003307238881085972e-01 -1.108482901715310137e-01 1.078859338242788152e-01 -6.532496717202715408e-02 1.287941438173364206e-01 4.701850401256534723e-02 1.367382073288939959e-01 -7.042340530693376455e-02 -1.321297078616395781e-01 -5.798978373739707703e-02 7.695019678306860324e-03 5.146302825058213931e-02 3.531713974456542893e-01 5.294436419712660741e-02 -2.080218962029251051e-01 -1.967218797205861139e-02 2.352964894653963510e-02 6.881931060290992497e-02 -2.179016034691562131e-01 4.461930299890117663e-02 2.053330754926657037e-02 6.240408461853911432e-02 -5.450598706062043108e-02 -4.156149368822389945e-02 -2.013926251128453915e-01 -4.956073818397041530e-02 -7.746798899304675745e-02 1.500591749202045966e-01 -1.712380877487167663e-01 1.034625285076566786e-01 2.344929217340982197e-01 -2.975777031039296694e-01 1.068176808480768986e-01 6.880646991375978516e-02 -8.594084156494113946e-02 -5.605193603287707965e-02 -1.910497375465442307e-02 -6.899606249867468177e-02 -4.371466680387400827e-02 -2.584623723612716750e-01 1.567573738381791704e-01 1.526811255048617921e-01 -1.131918253485641318e-01 -2.194815472019637781e-01 3.986999831582920678e-02 2.486854711328973996e-02 2.186491157687617953e-02 -4.515985783777267532e-02 9.756305245706684004e-02 1.714090752734778733e-01
-6.940062635300907334e-02 -2.046771143383383507e-01 -2.238612949912403838e-01 1.041195754163670023e-01 -1.681796540522631223e-01 -2.431340545737259787e-02 -2.727204268844533874e-02 -1.033009792463584001e-02 -2.755400647693575511e-01 2.751388771978546810e-02 1.030872714059190842e-01 -3.910570682428498625e-03 -6.341784545528203476e-02 -4.296035533460185012e-03 1.418540605522631559e-01 -3.984718811976817321e-01 3.326959527912293213e-01 2.892055758048923605e-02 -9.211537913002024180e-02 -5.313117113521751561e-02 9.261912375221821592e-02 -2.161087470875435596e-02 -2.861064153112125030e-01 2.919633803956787066e-01 -5.064636922536626916e-03 1.426184933948186628e-01 -7.164406218261722137e-02 2.732010962440957758e-01 -1.271827473725289231e-02 1.132558607066909279e-01 -6.952866700992023363e-02 1.719619481510633596e-01 9.755502038564128897e-02 2.179856315608881268e-01 -8.027722735279695099e-02 -5.252982020378819950e-02 3.453027131839204733e-01 -1.513471800641305043e-01 -1.922619104998440562e-02 1.740877464286844090e-01 1.303697974086696909e-02 1.540756910771878818e-01 -6.465264992851880999e-02 4.521619383462063130e-02 -1.617904413835903055e-01 2.311722866855972780e-01 2.372579811759380208e-02 -1.149799134630801328e-01 1.007980623165778411e-01 -6.541256283527575877e-02 -1.877028148492285720e-01 -2.011984060288976583e-01 9.809816967021516010e-02 -2.769294633069712547e-02 -2.556917356910098915e-02 1.524159907175228201e-01 -1.552177264704443505e-01 -1.048902791808481311e-01 -8.070524586271107803e-02 1.104345374224959958e-01 -3.427802224403497713e-03 -4.057197583489467047e-02 -8.941385872166661419e-03 4.730180799662266761e-02
-1.336578233640386970e-01 -1.349826774450438027e-01 3.882247561864594215e-02 -1.289979071692875512e-01 -1.627966858411341311e-01 -3.306516365349595338e-02 4.547605365038481090e-02 3.482170689513289230e-01 -1.033459378624813352e-01 1.340666161139582313e-01 1.392264290614129985e-01 -9.952881612921218868e-02 1.098752229124091984e-01 -1.911397993406946383e-01 -3.445112744175024000e-01 7.622321454785212225e-02 -2.368756485231711395e-01 7.122389923078401019e-02 -9.668623976021327449e-02 2.384126674431301940e-01 1.500087636136113456e-01 -6.743518751112430321e-02 -9.533889876775751560e-02 -1.716964729226412301e-01 -5.981708201207853320e-02 -4.090570655889922552e-02 -5.302963979757292778e-02 1.182589350201157935e-01 9.115436822328008837e-02 6.947698387521344943e-02 -6.149219584711006215e-02 -2.023189769467547694e-01 1.929739445876539061e-01 -9.704300383497439786e-02 -9.746144240847356977e-02 -6.891007474457597204e-02 -2.623209004483443296e-01 -6.991048142141832733e-02 -6.783357574411463808e-02 7.161689620975486559e-02 9.771398703894167148e-02 -3.196912423193702668e-02 1.189057467506679233e-01 4.605268508524230919e-02 2.930038693891650822e-02 2.951782496064229988e-02 -2.293624221046081102e-02 -8.446553429639880317e-02 -3.402981200372452025e-02 -1.608809629566106958e-01 3.993193140089783960e-02 -8.386764563152880603e-02 1.190176138351216745e-01 -1.716211672287956333e-02 9.132020744430239048e-03 6.983906666151364073e-02 1.260065531291199303e-01 -2.269294488854153302e-01 -4.669670276259690889e-02 2.123043464757047583e-01 -2.382270545282970386e-01 5.476973007459983583e-02 -3.191790594699960848e-01 -1.280141660010131466e-01
-8.108113078576444088e-03 -2.523030793721295351e-01 -1.393722651097239473e-01 -2.035776232305911704e-01 2.345730001081779703e-01 4.889186567130497652e-02 1.495850592596688622e-01 -9.467151180245762798e-03 -5.236291377279708725e-02 -2.289299903009738013e-01 -1.874986226959403238e-03 -6.220457369661885200e-02 1.148042684759568444e-01 1.344119749323529067e-01 2.595229983507969518e-01 1.110411232163027312e-01 -5.680052120470025639e-02 -1.597721059399740684e-01 1.084785043092005852e-01 5.376524461494764512e-02 -2.431589974247349850e-01 4.547246471226591702e-02 1.178478984568778198e-01 8.333336739148641814e-03 -2.084308840424973011e-02 -1.156141405087517254e-01 -1.974843577145069529e-01 2.051380864814214833e-01 -5.708187622811647377e-02 -8.053766517372258280e-03 3.058826099217611949e-01 9.721709748002241303e-02 5.244257460787549174e-02 3.307389487603437650e-02 2.120036583906188266e-01 2.512389638914401813e-01 1.356381646699264254e-01 7.909346162937783142e-02 -2.962216071088067393e-01 1.479453819911209604e-02 -1.874503557468442175e-02 1.385049561716040004e-02 1.204730108553405260e-01 -3.911019687278188273e-01 -4.974603785853580484e-02 4.025616331084071187e-02 -4.921964673753006364e-02 -2.289137249689011666e-01 1.274058140148833784e-01 3.799232764725564426e-02 -1.372986614435095232e-01 8.256188977818285091e-02 1.161842916883695787e-01 1.023444749252160925e-02 1.125300129478235545e-01 1.106766011073155066e-02 -2.792561049702680515e-02 -1.675543737051327087e-01 -3.480285435319666748e-02 1.260774047357966776e-01 1.258186280617000774e-01 -1.627865430650696915e-02 6.426623551005065937e-02 -1.022647263816626600e-01
-6.553599721424088753e-02 -2.604456847797052485e-02 -1.491469877032311764e-01 1.359597895924717637e-01 6.690797224460666437e-02 9.601845422781810080e-02 1.021944361119079964e-01 2.750852193468275031e-01 -6.980042243351777809e-02 -3.111039797673008644e-01 5.085003519959548079e-02 -4.503241346278003682e-02 -1.014844235774323422e-01 -1.585111444407357184e-01 4.211333734679562069e-02 1.535341990372387534e-02 -1.635884050542021299e-03 2.926429012753479220e-01 -1.357964357291822632e-01 -1.100143385399381668e-01 -2.946448895604057983e-01 3.178278775646884574e-02 -2.835388118166949911e-01 -7.629040588032255654e-02 -2.689938790399651683e-02 -1.020241847940205893e-01 2.784590339316272423e-01 1.984783131791395816e-01 1.137592190242217166e-01 -9.670668134803035720e-02 2.478940060274943957e-01 7.094183258589209506e-02 1.090932754714078606e-01 1.840698635484209755e-01 -1.272944139252742413e-01 -3.135319793939147365e-02 1.477715703357341814e-01 -3.817505544048356292e-01 2.140169098695097749e-01 9.661141511797546877e-02 -7.111143302666477276e-03 1.254400226877726010e-01 -1.501396688385230882e-01 -5.713896972271825803e-02 1.787546636764659191e-01 1.787681894153983209e-01 4.269420587631028163e-01 -3.533417413593101242e-02 -8.943319715524998548e-02 -7.249923769996925726e-02 -1.451053694384997483e-01 -3.811651424013100947e-02 5.411644178911421965e-02 -2.562495385049224847e-02 1.464518819270768379e-01 -3.312311627835261285e-02 -4.543605023659850334e-02 -9.068337363135672846e-02 -2.624907426299704638e-01 -1.138494600830064762e-01 -1.652604595277762378e-01 1.840497229401369117e-01 1.260982640537085531e-01 2.670337051736126899e-01
-1.749531719521259798e-01 -2.943459565727824523e-01 -9.334605998636974489e-02 3.668458959924941060e-02 7.147617774690440129e-02 1.850934755798268883e-01 1.001485037763513442e-01 2.517047829133617909e-01 -3.476603744674176127e-02 -1.285144013674688890e-01 -2.098923566516908978e-01 -1.207230040880198502e-01 1.661725512742442609e-02 -1.478318361348879839e-01 2.082548556227211412e-01 1.885301904852532129e-01 -2.889316906001729302e-01 9.284880947518120431e-02 -3.166652043691153273e-01 5.928305120385016919e-02 1.860036057285548994e-01 5.643482785163973781e-03 -1.791012469058921031e-01 -8.279247489260399551e-02 -2.994214772612803499e-02 -2.685955741916152065e-02 -9.345827445409205306e-03 6.206980016144941076e-02 -1.163769486940970967e-02 -1.445886852953619517e-01 3.878595458648891048e-02 2.155920431805029569e-01 -5.439707741128865792e-02 -4.096919082811342760e-02 1.469516302991859535e-01 -3.387142561515995021e-01 1.807258851218535300e-01 -9.609048677621562229e-02 2.318300104229085654e-02 1.876007013203412344e-02 1.331796703108112101e-01 3.063889361382520458e-03 -1.034732354651479169e-01 1.784851691738379986e-01 -3.091560934775960945e-01 2.739169940438805021e-03 -1.615831196889668531e-01 -1.342492628291605816e-01 2.892126842925565322e-01 -7.328194105653086654e-03 2.745959523910632485e-02 -2.447598690596879956e-01 -1.031047085049405926e-01 1.928839571147771687e-02 4.504862446470171006e-02 8.724093316685828381e-02 1.760805051080726463e-02 6.532208194622855790e-02 3.572762874296673413e-02 -1.569009712721679828e-01 6.983532097243878509e-03 1.085977999594543858e-01 8.313172297571186364e-02 -1.824291396347301137e-03
-9.136799090363605103e-02 -1.681167772518991632e-01 -1.853383605252654359e-02 1.743106364289350452e-01 -2.758690025525408207e-01 -5.262947744327552135e-02 -1.056526379200415922e-01 1.114688467139851452e-01 -8.046603917192235444e-02 -6.574123970021968077e-02 -6.542878765821592141e-03 5.531307516159653798e-02 -7.298215275426815640e-02 -4.480977477772728479e-01 1.539845114233163725e-01 5.521441706972367996e-02 1.860088951128280321e-02 -1.793224207437101592e-01 4.990766150452558697e-02 5.574792362114337069e-02 -4.733084763696102787e-02 -3.433194638023133460e-02 -1.302057120457007500e-01 -2.525631161217984852e-02 -2.092252115881090835e-01 5.668246824542749057e-02 -1.076039922982160862e-01 9.466933176276866313e-02 -2.441258029406710994e-01 -5.994413417942818373e-02 5.551145704717081603e-02 -2.346531399181209232e-01 1.628436838731349423e-02 -2.680517584405170753e-02 -2.416043669193655985e-01 -1.651285902289957030e-01 1.062690355376583740e-01 1.226220252927498061e-01 -1.865469873710165830e-02 6.751656879817259649e-02 3.122230520937068973e-02 1.017479427353609467e-01 1.726712987905857088e-01 -2.191233745704517233e-01 1.206456900311758951e-01 -5.506982716080701529e-02 1.914814886594378134e-03 -6.290053264112893672e-02 -4.869355516555951002e-02 -1.742435021150403884e-01 2.562043565340598253e-02 2.330711487937281168e-01 -7.948621370745584738e-03 -5.771956377755123151e-03 -1.014791539520095986e-01 -1.661340967781209377e-02 7.531257381127318129e-02 -5.732081486816915927e-02 -8.801813751854027645e-02 1.505228496992594422e-01 -1.275296215469151062e-01 3.570841544655746491e-02 1.157848987646487443e-01 2.452945295764724642e-01
9.622048542030558690e-04 1.832774466278517811e-01 1.462876490514976591e-01 -1.307552466754830223e-01 -1.727102247470851393e-01 -9.895147816996409731e-03 2.014666687299327685e-01 -3.262575718417247764e-03 -8.573269004044292707e-02 2.200592377589747628e-01 7.118457917723326756e-02 -3.198205561615506398e-01 3.338394870363640271e-02 5.538935418936397070e-02 9.537197257541964179e-02 5.520617659075620354e-02 3.021845553383633795e-02 -1.963524011703033645e-01 -5.236904499401132118e-02 -1.317100255695251021e-01 -1.162724135526651131e-01 -1.830798076582093870e-01 6.516991987705365863e-02 1.384460565465859064e-02 -5.416925383260985660e-02 -9.304513953789483871e-02 1.386890005021833468e-02 2.115818785156912685e-01 -3.137241122390220238e-01 7.497300700773162907e-02 -1.450702779431135153e-02 -2.661291568262760254e-01 -2.751639688561616781e-01 -1.043320737242490193e-01 4.024840947958268494e-02 6.722842353482724742e-02 -1.166951570788011122e-01 1.440166746629393257e-01 2.012402559806165114e-01 6.111876052294542422e-02 -8.527519666551000577e-02 1.997539914954745421e-01 9.730547574382435172e-02 1.174246626745936717e-01 -6.744044415650722601e-02 -4.008797677453601049e-01 3.273825169309262373e-01 -2.468111705548503010e-01 -8.392594956470914806e-04 3.345625967467157902e-01 4.748321843251041702e-02 1.434185123467595635e-01 -2.124767429165023702e-01 -2.462885149676269925e-01 -7.894198632093994694e-02 1.542553067592121741e-01 -3.761910621548774508e-02 -1.121716264622229509e-01 8.549255224742022263e-03 2.397431847079693756e-01 -2.022404934034373880e-01 -1.711966320124977681e-01 -1.115844331003139900e-01 2.001344115953608838e-01
2.510287978684431695e-02 2.897502477746002336e-01 1.324334245896681139e-01 -2.328226985650430278e-03 1.785254922250325282e-01 4.884362030126754989e-02 -4.208774722439424104e-02 1.128301300030906812e-01 -1.007034682785470925e-01 -4.069720357972594904e-02 2.186815171326611240e-01 2.209672807457246577e-02 -1.172657086246913227e-01 -8.513783451006114167e-02 1.855929271010328396e-01 -8.540926475816205954e-02 -3.204353010849363831e-02 -6.858266990099559646e-02 2.626982326512497870e-02 -5.222324073680519735e-02 -2.190567897087528637e-01 -1.295892683211796736e-01 -1.305655086754288208e-01 1.758319135857848436e-01 1.210549036103498455e-01 8.161428395308392703e-02 -6.157065969754007412e-02 -4.776454022297980939e-02 -7.837560821151176582e-02 -1.293742989175119817e-01 3.996965342074931260e-01 -3.173281794974303072e-01 7.976285195955623575e-02 -1.691462551872182640e-01 -8.462461085410663900e-03 -1.330335492607384318e-01 -1.611664937530307984e-01 -1.607994083087963544e-01 2.481925220399013032e-01 -2.175130268841743778e-02 -1.090736241693801289e-01 8.102144710591004106e-02 -9.828309961334743064e-03 9.798593784441060606e-02 -2.322312647909735017e-01 4.670969200748350397e-02 1.242343458133011308e-01 -2.544413423200175273e-01 6.858037047033394007e-02 2.386968436458641318e-01 -1.309165404947350980e-03 1.476449616401905307e-01 9.482242487409296705e-02 -8.625197651079918870e-02 3.434682005861420823e-03 -2.216065172267384920e-01 -4.318095225746455823e-02 3.825368781284992775e-02 8.719704371495420880e-02 8.163260261649464555e-02 1.038729596784156439e-01 -1.559744924387032883e-01 -1.462373671802509774e-02 3.057110457375343190e-02
3.191503488085298823e-01 -4.197923816047304663e-02 -7.057160973011986083e-02 3.206635103744555348e-02 -1.291832829648502934e-01 9.365197313663915779e-02 6.618801993331508739e-03 -2.696428521171913006e-01 -1.032706161685080157e-02 -4.466497119570229241e-02 -2.057340888728818595e-01 -6.344527843644691412e-02 1.780628416261253733e-01 5.042965627346952806e-02 2.064240161417379704e-01 -2.001277667718214248e-01 1.486799507727863123e-01 -3.407936188187912080e-02 7.495278098363403196e-02 6.267498934753630568e-02 -1.583870781983694742e-01 -1.075126062598349974e-02 -1.063686236670674523e-01 -7.082960539676822452e-03 -1.127882944139014382e-01 1.830043353417497298e-01 -7.967685667518427384e-02 -7.048916520808708175e-02 -7.849973015996605796e-02 -1.211324764053921810e-01 4.225657676080972480e-02 -1.170566537474488078e-01 1.995698671594720586e-01 1.585279868383936142e-01 -2.506786531791015300e-03 -2.588561915061761420e-02 1.674328735001477664e-01 5.112737445231247541e-02 7.043524654750291103e-02 2.176974472586335960e-02 -2.395420940060735138e-01 1.027425799491026442e-01 -8.123636888141856638e-02 8.202413880982255268e-02 1.673362051588865584e-01 -9.957517917012617681e-02 1.235333308047282808e-01 2.192394627973671961e-01 -8.856005266814870325e-02 2.366217722834727533e-01 -1.200129654142993441e-01 -3.705740522556077304e-02 -1.590397873084263862e-03 -2.077067156566001979e-02 -1.285970469619064083e-01 -8.360591631894773168e-02 -9.819645057466011573e-02 3.709435341110296075e-02 1.039535919780252247e-02 4.332230543576223725e-01 1.965378169677504672e-01 -7.210272277165069577e-02 4.583657388955666295e-02 2.274040518381173492e-01
9.358856799688362871e-02 -2.094745914065736583e-02 7.293798354379327741e-03 1.610595981475837490e-01 -1.198561205457581574e-01 3.987737608851540938e-02 1.177721841325506114e-01 1.073113911972926708e-02 3.108326768241639892e-02 -5.181005579256126731e-02 1.561327129201072750e-01 2.035773297322069075e-01 1.318028957772319695e-02 -4.779057666098764784e-02 2.546590132883028157e-01 -8.305115952758838904e-02 -2.476095517890784716e-03 -7.632596525713991609e-02 -3.651617596541499311e-01 -1.612861319095398593e-01 -7.773387347340373135e-03 -1.963925589754810519e-01 -1.454420816353069190e-01 -6.176554221770153008e-02 -2.163941558648954377e-01 -5.943304684139655292e-02 -2.238467075680001389e-02 4.432193608404844803e-02 4.221274888610030557e-02 5.988524865095774807e-02 1.221364233939994243e-01 1.445075647943002382e-02 3.215819465619551565e-02 -8.128258868082895161e-02 -1.179955738757467593e-02 8.070955135757959531e-02 -1.460745106333989352e-01 1.138896016036692466e-01 1.529296653956007390e-01 -5.181552909703435877e-02 -3.440180122976487648e-02 4.372536049948379938e-02 9.382447269021403080e-02 -1.613191524405263866e-01 -1.342595471505704866e-02 -1.344514377161972474e-01 8.228734924918987281e-02 -2.737768419679479925e-01 1.930142372476101598e-01 -1.362291219170365941e-01 9.150084129742174638e-03 -1.042391924598731479e-01 -1.077841329722870195e-01 -1.630394838641220367e-01 1.202727302201596488e-01 -7.433680556986006771e-02 2.134057876194264333e-02 -1.259674462892130253e-01 -1.358157966080983103e-01 1.898549234627063542e-01 1.338118974139974326e-01 -2.479348338773296537e-02 -2.013577986237650996e-01 3.924969781325498008e-01
-1.051760877328527383e-01 -2.311143474734330405e-01 3.669070438575947057e-01 -4.493731171727038259e-02 -2.050866775377470641e-01 -5.610402213274364586e-02 1.099075759629964399e-01 3.185733245099908045e-02 -1.230635522354919381e-01 2.581159540706225441e-01 -4.614154070915947592e-02 -1.667132231722983915e-01 1.191301748580768233e-01 1.672309996527640563e-01 -3.774791021892170279e-02 -2.079041916536848167e-01 1.931564011428590910e-01 -3.149847547922381974e-01 -1.733130214498336263e-01 1.398506693858948546e-01 9.790931665570183282e-03 -4.100665939326250675e-02 5.201177357818195790e-02 -2.160556617616484626e-02 -1.752818666283645355e-01 1.778588258436211988e-01 2.069112266514483434e-01 1.000448889371395172e-01 -3.563551564530578059e-02 3.578439160468135927e-01 3.563537619140192542e-02 -3.613415269330252921e-02 5.154543259066113325e-02 2.315821851246667729e-01 2.253783214001412738e-01 -1.536007025096819412e-02 5.835653329573450843e-02 -1.994604100876548880e-01 -4.412008429514806263e-02 -1.106323435240716274e-01 -1.428690003095024474e-01 2.873731567788704311e-01 -1.177983895668530123e-01 -8.050371396804464896e-02 7.799691734933390797e-02 1.841504322100923352e-01 9.971398623873208023e-02 3.613311440344789682e-01 -7.159805890520927821e-03 3.539466449098486317e-02 3.822931954037944724e-02 2.065629538171660229e-01 7.172662577495783620e-02 -2.190889176424856005e-02 -1.389404877346790967e-01 3.456952506542911724e-02 2.120895356111164309e-01 -6.504631017227219258e-02 4.883047620192806915e-02 1.349331255380225025e-01 1.246345063955408144e-01 -1.138093654380554903e-01 3.313996942023705317e-01 -1.278926391710742128e-01
-4.279928148172646579e-02 1.201439404161057101e-01 4.196440769471701526e-02 1.253072606907874587e-01 -6.862854680814749198e-02 2.296334886323798952e-02 6.013000642294676068e-02 2.312250561345446098e-01 9.489926441661297729e-02 1.132531130597531493e-01 -6.128891372150999800e-02 1.513937746871273637e-01 1.902883830004607063e-02 1.762803681215550367e-01 3.486373611186409094e-01 -5.301730974097270538e-02 -1.871472592496424558e-02 -1.360091037700888184e-01 -2.012355376134037505e-02 -5.193040484447004196e-02 6.206921967656137129e-02 -2.390115909735507360e-02 -4.952901326975803209e-02 1.505550737812815509e-01 -1.249637205600173245e-01 5.970349712507614509e-02 -4.219461328785473198e-02 1.724130836779692033e-01 1.661047961741495826e-01 -1.890404793789958113e-02 1.271407930522801821e-01 2.567711589259391927e-02 -1.130553999498690315e-01 5.493136350192647649e-02 4.361321282867151178e-02 7.121680775072718184e-02 -1.810889853129115518e-02 1.100892253583334209e-02 -1.622966962524963752e-01 -4.762906472113320744e-02 7.827941312139660712e-02 1.579077833862090330e-01 -6.874997560443345257e-02 9.813305197054851201e-03 5.818767226310467972e-02 2.800061471332212018e-02 1.018584130028049872e-01 -2.761932742285085340e-01 -2.800673234693958329e-03 3.271304359239982779e-02 -1.409674542942354891e-01 2.506222887361196361e-01 2.282974711135140125e-02 2.231405350589307224e-01 -1.161505004285218745e-01 -1.283116137003874890e-01 4.806045651124025292e-02 -2.395867712823361584e-01 8.149244460007303015e-03 1.055890002423932883e-01 1.459365700277882594e-01 9.914221724599042718e-02 -5.921341760739780302e-02 -1.113674199243651908e-01
2.718146736622857884e-01 -1.320498740664728943e-01 -1.478595008401761557e-01 -1.325669998464913124e-01 1.587495925987860712e-01 -1.992274412089435620e-02 -4.232708991593570752e-02 1.646284201514669823e-02 -3.384672376606150113e-02 -9.575094688732140036e-02 1.331993059713425243e-01 1.319461007962745569e-01 1.144687840123240485e-01 7.988172278639517343e-02 1.557171562916504770e-01 -2.603783518511211259e-01 2.987323757552433068e-01 -3.462303027001505974e-03 8.606603923265693235e-02 1.604240881729804002e-01 2.235482091398982296e-01 5.464367672353569183e-02 6.307346322834044006e-02 -8.474311000867536248e-02 1.446822290696717084e-02 -1.225382300877760067e-01 -7.212310806709559818e-02 -4.919784509472362871e-02 -8.481376833739300014e-02 1.805801669954603672e-01 5.397636619110012246e-01 2.735492153397313733e-02 -1.906944076386087317e-01 2.120269729851594342e-01 -4.704473758116985149e-02 -6.906930244826076093e-02 5.258837240104717592e-02 -1.826296836075926577e-01 3.146104236694018813e-02 1.923459880084536690e-03 1.340721136265292900e-02 1.287242168249643770e-01 1.168488136442292439e-03 -4.582958512846478649e-03 6.844243644048580988e-02 5.600212919706016451e-02 -1.016754000060894614e-01 -2.307143406693669685e-01 -4.030358307011502536e-03 -2.033226905984192590e-01 1.267757739379961682e-02 1.212154077238930816e-01 8.584984442379017811e-02 -1.605751018670150965e-01 -1.271002775506357430e-01 4.642881439347186501e-02 -4.663803675961089579e-02 -5.819209892424474784e-02 4.732972481643255014e-02 -2.243172353149387732e-02 -5.461111890179606854e-02 -1.131487488695890609e-01 -1.477870007208044456e-01 -5.118056365592756757e-02
1.540773162241845240e-01 -5.974935561974728700e-03 -1.243320884803021525e-01 -3.998625723046367146e-03 -2.301841874383002695e-01 -3.301794607092454342e-02 3.616511780839460899e-01 -2.919806395629752707e-02 1.008026485730288135e-01 -8.830508539281229849e-03 7.477468303001816308e-02 3.753266822804819658e-02 -1.900980512339898176e-01 -2.780211043474901944e-02 3.465645714781794839e-01 -1.198947724417803729e-01 2.779788058322731677e-03 -1.022164482313865641e-01 3.821244209561635435e-02 7.688214539879588416e-02 2.107676391571154106e-01 6.531765285936966259e-02 -7.246769029747240388e-03 1.780731231990013708e-01 1.136405577169214837e-01 -2.133717279599583183e-01 3.972192761168553687e-01 3.079905395481531416e-01 -1.143429504573874045e-01 8.621415254031745967e-02 2.938159866643534346e-01 -2.411661431806655029e-02 1.032873407254652487e-01 2.041894035320180600e-01 -1.394182621707637793e-01 -5.551110812625898588e-02 1.639468802838224548e-01 5.912306692635926897e-02 1.306445624469598499e-01 7.052933426508561053e-03 -4.185580032088402624e-02 -1.579769538576373811e-01 -1.687658994126590983e-01 -2.701547146396765259e-03 1.415338797266733895e-01 6.719761122821872601e-02 4.127625593196609238e-02 -6.202334476847806699e-02 3.574002418306688328e-02 1.086537180382341969e-02 1.989942690274371095e-01 -2.162346097802257325e-02 -2.094852107659182228e-01 -2.028811812238302814e-01 2.054860283537988941e-01 -1.656271008297836023e-01 1.046885332907782074e-01 -4.793337636941445712e-02 -6.249269223763580239e-02 1.008674778906200054e-01 1.751105230750246156e-01 -2.727195293197018713e-02 -5.157786009639515890e-03 -1.259450759982519430e-01
6.104648998684399780e-02 6.343903874009365618e-02 3.382029235421744884e-02 2.127361314490341382e-01 8.082703602107920923e-03 8.974891322839549657e-02 2.853204822478197511e-01 -2.219273766562596395e-01 -6.738858278017771652e-02 2.018267324483118408e-01 1.617811070239783822e-01 7.708729219739411664e-02 9.779899901265202977e-02 2.955301472552547201e-02 3.143952357596860869e-01 4.617129157277101437e-02 8.805530973274278139e-02 -6.593178304971897448e-03 2.757412704708989484e-02 -1.615657863376079584e-01 1.291864338896558662e-01 -2.386145176470280335e-02 2.587247507996864870e-01 -1.069859215060545848e-02 6.905851309052289666e-02 3.361794576407430707e-02 -6.549207718794960997e-02 1.942273832743023898e-01 2.182254956448180794e-01 2.412610695534165781e-02 3.334154854473449919e-02 -4.955622898281561439e-02 -2.676203854447412045e-01 9.011287522949606998e-03 4.029609792116066458e-02 1.634663826261625597e-01 1.526210885430496211e-01 -6.040720499945165245e-02 -3.914868335859692655e-02 1.710046594106718054e-01 -2.512295655194639321e-02 -1.372785837279697461e-03 1.889113990217815287e-01 1.402047428974650123e-01 2.600944016731142339e-02 -8.824843832965459378e-02 -2.441577265142134689e-01 6.532577087102085789e-02 -1.230589172312860774e-01 -2.776896565761184932e-01 2.251850825913564447e-01 7.930207488722283704e-02 -1.610857948931588568e-01 -1.771002879790271878e-01 1.159791647206085824e-01 -1.241637953270095518e-01 1.878595057491510290e-01 8.361691663736704749e-02 4.978330334705930588e-02 1.488646925236135898e-01 2.952125367153489444e-02 1.245230879697667298e-01 -6.460018561260949532e-02 7.463608421651109215e-02
1.069409560870802495e-01 7.078015483956993925e-02 -1.689966546867835984e-01 -6.605773945183797402e-02 3.697527713982069753e-02 -3.281664952645901856e-02 3.026368037915012632e-01 -4.444692362683530518e-02 -2.551087346164008368e-02 1.097969458462987880e-01 7.344652074026998545e-02 3.815699001985275963e-04 -1.133520656036796498e-01 2.172034675655605887e-02 1.963405113647583300e-01 5.864280755511730447e-02 -8.067834150692261563e-02 2.382116519365438667e-01 -2.044917873261956620e-01 -2.221623633901723127e-01 1.434642593656187126e-01 2.854174374782974741e-02 -7.686757149216746909e-02 -1.553613622134825401e-01 3.350529214885654139e-01 1.527616337900156683e-02 8.735969324370160272e-02 1.067568023578551600e-01 4.374563988163205491e-02 9.448011745939408068e-02 1.552575724871809171e-01 -5.244601364234009744e-02 -4.124440524562076466e-02 -2.310690860312414052e-01 -1.049621329540651044e-01 5.052387923599774289e-02 1.545919236153933396e-01 8.320161807652025343e-02 -4.818117333088475784e-02 -1.800380369206811548e-01 -3.933886361955224453e-01 1.815460721450986303e-01 -8.999351398666174950e-02 -6.753290634919224822e-02 4.211649954506982430e-02 -1.960957183306374640e-01 -3.099039271686946512e-02 2.640492178756737029e-01 7.586001465415186107e-02 5.002364738505231390e-02 -2.236148660429812529e-01 3.361010488211350622e-01 -2.012245425885707539e-01 2.773214383856632548e-01 -3.029782090460453881e-01 1.987486863534490000e-01 2.462998383504772515e-01 -1.181976643153235251e-01 4.582100878087504159e-02 1.562984724258686675e-01 -1.130145020378051229e-01 -2.049361778577862281e-01 -1.866654940284883102e-01 1.094238035662333658e-01
-5.973757972540727490e-02 -9.189112673687199750e-02 1.367216433060071679e-01 5.927062924547574913e-02 -1.058503122745100972e-01 -1.734123506629764166e-01 1.375435411670023478e-01 -3.741664442721288897e-02 1.092565001695512510e-02 2.236847719542125468e-01 1.093885035162792951e-01 -2.985083837708889590e-02 3.281222738594057747e-02 -1.543165000641575635e-01 2.329202347674921292e-01 -8.705581233627207594e-02 2.303719066156580814e-02 7.667145678190442903e-02 2.263173679371134617e-02 -2.745135483507746277e-01 -2.110672463910967800e-01 -6.744028397010708165e-02 4.664580385830672388e-02 -1.948492334560457742e-02 -1.335505726238599145e-01 -1.920198186649601790e-01 -6.629113013442475277e-02 2.218604758624692988e-02 1.067038983183496020e-01 -3.188499262650682647e-02 1.119995435619290242e-01 -8.398936874547319187e-02 -3.619788071962246750e-02 -5.714932563187611475e-02 -1.074366212838319817e-01 8.464867911410424439e-02 -1.261752840635167738e-01 -7.186912579945965718e-02 -1.034067949758594659e-02 -2.023193420939727316e-01 -4.650948555749966074e-02 -1.614354526562734315e-01 -6.769803596147119795e-02 -9.151369367174247080e-03 -8.226433978192529417e-02 -2.187892347422127487e-02 1.764377401160713565e-01 -2.568611473827919767e-02 1.667390878502672535e-01 4.726038587555923126e-02 1.106170419392883408e-01 -3.484113811868074645e-02 1.482023558955204191e-02 4.902844954932253363e-02 -8.390602879745838460e-02 -1.163654975721700457e-01 -1.721229610434535651e-01 2.152942897646365761e-01 -1.431202170556353237e-01 2.584522651995558862e-01 -6.444765822765595453e-02 -1.219749721926641495e-01 8.767956287909040025e-02 -9.271320453529252603e-02
6.338546938273843800e-02 -6.483980957280639779e-02 6.794228381060343769e-02 -1.345260818783357293e-01 1.189117950019764336e-01 9.050859377509778980e-02 -6.393203494359134265e-02 3.945063910199123614e-01 7.269733132170622114e-02 3.241373113293671282e-01 2.577048581038504649e-01 2.086000804323106042e-02 -6.304170874899341082e-02 -8.295070567277226803e-02 -2.126629308512555105e-01 -1.064430468951784170e-01 5.790791747557640784e-02 2.137653203579732430e-01 -1.092278077656966967e-01 1.279336787939549525e-01 -1.708039310255932419e-01 -8.637832346051362020e-02 -6.209617845939634923e-02 5.258202740943634240e-02 6.911865460002752926e-02 1.327828721901694042e-01 1.159037629143831460e-01 1.211082663670376425e-01 4.896391288516081103e-02 2.489256620698951650e-01 -1.686763863262735752e-02 1.097683519056759510e-01 -2.557101663576367701e-01 6.663962982986250394e-02 -6.960074150602849063e-02 9.129344514620838305e-03 1.503789013671336383e-01 2.123934257623338179e-02 1.251844226021358031e-01 2.021746624464484388e-01 5.446977240052808950e-02 1.586866506599051985e-01 -5.789803032389912590e-02 -4.571656142225868566e-03 -4.224608053183252082e-02 1.527282688995319215e-01 7.209194335052754310e-02 -9.989858981706929708e-02 2.603992639497230976e-02 1.459560277512432225e-01 -5.535444055094271634e-03 -9.429293556124201947e-02 1.864926719323453316e-02 -2.669825734252883054e-01 1.101002783485264119e-01 -5.958471881964977346e-02 -3.815422594707445353e-02 1.183389599386315688e-01 -2.133183052226641785e-01 3.676935692286120161e-01 -6.643633867651839442e-02 -7.399885806594351523e-02 1.440729593053431679e-01 1.285132008868825615e-01
3.822174685702153796e-01 -3.911360474819035316e-02 -1.702807013989649301e-02 -1.907642719822686128e-01 -4.673579731143841925e-02 -5.243404626170630051e-02 -1.051744665031392224e-02 -2.518956603653706439e-01 2.330209694354768712e-01 -2.004372055075672177e-01 -3.681561243148512852e-01 -1.925536907541920695e-01 -1.088323674058454954e-01 -1.783644666362465270e-01 2.428120742702742085e-01 -2.477197545633570003e-02 6.162255661647330490e-02 5.302029929487848264e-02 4.054170377071317222e-02 1.410770322769259455e-01 -1.333267154264922705e-01 -8.260414909208467493e-02 9.537351396448011387e-02 -3.584401294852762598e-01 -1.839534899708476778e-01 6.892216344425713959e-02 -3.995174655062411900e-02 1.858137785154420074e-01 5.710842987697175438e-02 -1.436656158301295172e-01 1.354646090830282923e-01 1.706696167823595900e-01 2.085037303751667223e-02 -1.029313822361609815e-01 1.304169711525554332e-01 1.082484505370505667e-01 1.002474701474337093e-01 9.750214800437627394e-02 -4.235022120990784567e-01 1.384936790588438271e-01 2.550379535065979697e-01 1.395347567085471752e-01 1.871896532804568150e-02 9.156915799570174153e-02 7.090870941392440896e-02 8.747922864339603699e-02 4.208029557172918156e-02 -1.270501720787645117e-01 -1.378244296697045401e-01 -1.419158438962321023e-01 -1.943453086325606649e-01 -1.671961764878179546e-01 2.490629093866169597e-01 9.714039698240878318e-02 -9.472266132681640693e-02 -5.520986424856749036e-02 1.816150561745024511e-02 -9.569621028130828599e-02 -1.732509483887917714e-02 2.046994976141007228e-01 -3.123657835597428659e-03 4.751980204434570754e-02 1.250146738364560917e-01 2.739213664922312413e-02
5.838721141667031767e-02 -5.755550858941070602e-02 -4.034591463900834112e-03 -3.242804962708135258e-02 -7.485222685178687108e-02 6.549694617838053290e-02 1.358717789223973793e-01 2.340326425049119030e-02 6.739445775087959944e-02 -1.039631380074705069e-01 -1.439214623337833066e-01 5.527798600963585579e-02 7.912084380531603234e-02 -1.399852338065294723e-02 2.688628878666950439e-01 1.201572750123624522e-01 4.270880193364189337e-01 -5.574311723148572817e-02 -1.412213873270643238e-01 -1.028519195838125955e-01 -6.322460028044246672e-02 6.251293473413147006e-02 -3.038151247533197319e-01 1.864712732464913481e-01 -2.510014137080497643e-02 -3.706547296449731743e-02 -1.301243993135586252e-01 5.051667970870662994e-02 -4.128023308731434277e-02 7.953525341558815437e-03 1.227645895463547882e-01 -8.280323684718439436e-02 -1.266874797760558780e-01 1.016490512181842387e-01 1.593647896349222048e-02 4.725292219856206538e-02 1.657213510819196267e-01 -1.477808950684701417e-01 -1.209492653734339368e-01 1.851298970258393739e-01 -2.100011102922579864e-01 -1.299481843306863893e-01 1.057153923324120059e-01 2.802594282479970236e-02 4.063073780787961053e-02 -1.426245079886795906e-02 3.786165851244873565e-02 -3.559846557126324085e-02 1.959556063385920754e-01 -5.630283457258587060e-02 -2.346045441093598180e-02 2.534641629548474717e-01 3.881037835102909075e-03 3.105279205750397509e-01 -1.897606782623870517e-02 1.933816813587324046e-01 -2.227966807497263058e-01 1.467349837973524682e-02 -2.501576003465920683e-01 2.170770285864916660e-01 -1.699086426746793665e-01 4.013107523974967367e-02 -4.026440137003096942e-02 -1.105274641066385510e-01
-2.532454092926280098e-01 -8.388138497057556764e-02 2.461621769451142472e-01 -4.313242548775223645e-02 1.299352838492317808e-01 2.834819285841362873e-03 1.794952386407921152e-01 -2.345936073751855033e-01 -6.000169452626748917e-02 1.346398965041045170e-01 3.740377527903992246e-03 4.273525592546446872e-02 -5.780835160356002228e-02 1.430767627577069490e-01 7.055671289831341730e-02 -2.222543330311402797e-03 1.015930163842075212e-01 9.072060045247652693e-02 3.028548238166452189e-02 2.210614263343313735e-01 -7.097603021213420849e-03 3.589530302780089693e-02 -8.990474122004926683e-02 2.122949899507838023e-02 2.279040043175749874e-01 -9.313212404271982436e-02 -1.575457855200382840e-01 2.166189027670439859e-01 -1.335773614337057089e-02 3.080603153029260605e-02 3.338753881120527789e-02 1.188913905465268164e-02 1.202832027853305008e-01 -1.185369418067206276e-01 -1.411576110913424498e-01 1.930020177762570635e-02 -2.249012843205077106e-01 -1.945794212292794589e-01 2.639888625023895097e-01 9.738068471173205731e-02 -2.072679872539362391e-03 1.523446445666536697e-01 -1.562111282581144234e-01 -4.639717235673818108e-02 1.168061934145636360e-01 1.323910470873903289e-01 7.662972639311781131e-02 -3.803041001380199071e-01 -1.332729035591989630e-01 6.597814146758472498e-02 -5.082389257578070335e-02 4.049485048476609839e-01 1.310236885660064632e-01 9.520798682354619791e-02 -1.570997266413437787e-01 -4.991712785399471733e-03 6.282338581412430512e-02 1.569835643899338273e-01 1.119076769134099564e-01 2.187538165894485631e-01 -1.287353882570993480e-01 1.997084083862122883e-01 -1.953231521717738173e-01 -6.185357333235245308e-02
4.844613655108859912e-02 -3.838128513508830969e-02 -1.422750968718232145e-01 -1.134714332301497014e-01 -2.180775980564614303e-01 9.627897103759540387e-02 2.418466397424436087e-01 4.241488138412395116e-03 -6.032750300964195150e-02 -2.077481116352662416e-01 1.591095715696356494e-01 3.532991026893572695e-01 -2.601972640593953612e-01 -1.704298906062128860e-01 -4.791838409589380121e-02 -9.014664897566572466e-02 5.632724855780397999e-02 2.215069135452189808e-01 1.427080163717263650e-01 7.737264307592239820e-02 -9.764165896452831062e-02 -1.618506602276620354e-01 -1.116778820278302164e-01 2.189297065969348643e-01 -3.774836373849121962e-03 -6.514757454398985292e-02 -1.670264969292832233e-02 1.994083583863310860e-01 -1.954672548741040738e-01 2.227973781564893396e-01 7.796107712694223812e-02 -2.999352016379816521e-02 6.262789801048565530e-02 4.065086353221548932e-02 -5.046316498544529960e-02 -2.638841667597185275e-02 -1.157119105563674116e-01 9.006289956952963360e-02 -7.523528603677924476e-02 -1.404008597833381056e-01 2.268881541234567950e-02 1.866224025021797350e-01 -1.696355207101762907e-02 -8.930390391496467739e-02 8.755674130534978061e-02 2.775658940696122956e-01 -1.902283913855457032e-01 2.691394769723525621e-02 3.336837066392095430e-02 1.621429802225218542e-01 1.407911366216614557e-01 8.933186585664925489e-03 -2.382292032426004402e-01 1.247660365783264808e-01 -1.195053602826342820e-01 -1.338893129222334943e-01 1.879313482942892299e-01 -1.342166254746890719e-01 1.768723261780246747e-01 1.375618230948944531e-01 4.740413974903581046e-02 4.345380198305990455e-02 -2.319066257001156650e-01 -2.215233024551204744e-01
7.982868317219518617e-02 6.257206197319874208e-02 1.168296420769393378e-02 -9.214936215475168224e-02 4.354303443132058297e-03 5.190290807315719318e-02 -7.539653913259861118e-02 1.313866701645649837e-01 -2.469879819670433296e-01 8.386893278003947072e-02 7.754325775463780102e-02 9.848401877558292383e-02 -1.735921088502146714e-01 -1.010661834911382589e-02 4.249613567668403258e-01 8.493291685063715513e-02 9.094457943920146448e-02 1.655670111950550624e-02 1.234317539306270875e-02 3.126828904541295029e-01 1.657310779163165271e-01 -1.664724006676819579e-02 3.815898663737888469e-02 -5.526718262059970160e-02 1.826256874013412468e-01 -2.004299933182481230e-01 -1.891505152377944976e-01 2.741377547957611904e-01 2.228047402680256583e-01 1.011512904249022848e-01 1.175199968334043887e-01 9.339654073127148792e-02 -9.150718725918353946e-02 6.591733898951283865e-02 1.549270234818822100e-03 1.204117089968157334e-01 -1.893328108205968030e-01 -7.993044738283686113e-02 1.195004241909415482e-01 -7.449845604182686598e-02 -1.411804066664457957e-01 3.946487561184688908e-01 -2.407343055484568051e-03 -9.030059999548124827e-02 -2.145897527548904504e-01 9.761856216227056404e-02 1.521081139260505311e-01 -6.859162396071172285e-02 -1.518593315254325449e-01 -3.457897145259662946e-03 -1.190346993314345819e-01 -1.641251963907139622e-01 -1.460545632164720990e-02 -1.718006505673486395e-01 2.677924676927767936e-02 8.598312526237786302e-02 -1.145926883287333303e-01 -2.071011375078812833e-01 1.802028173364184083e-01 -1.170619858642377338e-02 -9.108677452657545914e-02 3.012517671976470274e-02 8.443456582806063704e-02 4.747677261698372148e-02
1.163804147917548021e-01 -6.211835793706371039e-02 -1.373442725573548739e-01 2.213471589452057908e-01 3.538821869056536507e-01 2.954180721582450597e-01 6.970310983202233912e-02 2.463163852825250577e-01 4.898490599421683606e-02 -6.734507891756291720e-02 9.137861550317412374e-02 -5.478562097139433318e-02 -1.646804447144543937e-01 -1.415602244537181031e-01 2.118619316561449473e-01 -2.661209735528431986e-01 1.528457313701359066e-01 -2.693510142884921743e-01 -2.999167074134618804e-01 -2.581638390129225025e-01 3.014233164196559178e-01 -3.194250334677509878e-02 1.329020555194085351e-02 2.007129734393716947e-01 1.427897062094970193e-01 -1.978634635297251421e-01 1.538185101037100322e-01 7.142927748350762218e-02 -1.203950273550317696e-01 3.011779322590611707e-02 2.621758672535596246e-01 -1.244797530893280157e-01 5.669379643501965688e-02 3.956916977223428472e-02 -2.479332774581083643e-01 -8.888772090477516097e-02 5.507841680435242998e-02 1.776339549612659663e-01 1.416095905156593837e-01 1.038930408308275377e-01 -1.159848652385057355e-01 3.480950563096179562e-01 2.243189939410824771e-02 -1.500379575081201011e-01 -7.671339752442551951e-03 1.186451941814426481e-01 4.682849244909956243e-02 1.081166247047644496e-01 1.608962213833809163e-01 5.691477016594178456e-02 -1.210683608068036238e-01 -9.748057079897756022e-03 6.384093881414434901e-03 2.428059849580907759e-01 -2.389041701687695529e-01 -1.906677388500188294e-02 -8.572151970694645573e-02 4.506442273294811868e-02 -3.707746074102805101e-01 2.514712120057090439e-01 3.418231281258293439e-03 -2.608801404128212598e-01 -5.129218861910522093e-02 1.575790340666392841e-01
-2.606511169884348500e-01 -1.621508738989979950e-02 -1.495493574573073525e-01 -8.426064228539635603e-02 2.911645266725425632e-03 3.020708539098317449e-02 -6.432778081101954253e-03 6.869615319666852460e-02 1.117798240530644277e-01 -3.857291346742845045e-02 2.326267997561245748e-01 2.767514576878489785e-01 -5.671031414657282110e-02 -1.106606689952503442e-01 -2.131483635423350731e-01 -2.523029561698201390e-02 -4.716328032053504482e-02 1.228163079178862527e-01 -2.133851133545657808e-01 -3.744185042927372642e-02 1.337080865643671679e-01 -1.068094253922952652e-01 -1.058407123240152209e-01 -2.046282645356330698e-01 3.726861479644315023e-01 -1.074586332585945048e-01 -1.861762489684424815e-01 -2.823445626734507816e-02 -9.174403678466834522e-02 -2.047988693217811865e-02 1.549759043796704316e-01 -4.116414488442668440e-02 -1.305069247742612903e-01 -2.093354866640739220e-01 1.487449974671014533e-03 1.093991495866004568e-02 2.100856528925118261e-01 1.331113758302763204e-02 -1.400188966055993661e-02 -1.608535944342909529e-01 -4.393106211738887629e-02 -9.915047490588616008e-02 -6.329755202099918154e-02 -1.369412400522136419e-01 1.074949730798097081e-01 -1.266802780969539070e-02 -2.825894341092798426e-02 -2.682053964820487746e-01 7.419720235154639298e-02 6.742330750164189646e-02 -1.187895818835179723e-01 1.978608662988091682e-01 -1.930153219643287732e-01 1.835347873345701680e-02 -3.632114246715946460e-02 -1.862766450345071378e-01 5.910451077436556372e-02 2.363812644265448071e-01 -4.385464407944108557e-03 9.974379512930483041e-03 6.559065568791033751e-02 1.495106514036726418e-02 3.712787574935423867e-03 -5.115256516584580637e-02
1.861223435202713494e-01 5.324087327851200618e-02 -7.476532158952887974e-02 -1.523903027867854788e-02 -1.054360711951937146e-01 -6.823002868533714627e-02 -3.366083154879914718e-02 -1.386856637252185664e-01 1.059106393697018395e-01 -4.100264643413040894e-02 1.127685417419413971e-01 -4.750387018612974716e-02 -8.652935307326159800e-03 -1.159856739338525344e-01 1.355764241872221554e-01 -3.917454564277181306e-02 -8.746921276957748959e-02 -2.183339318657896155e-01 3.915787358924611994e-02 -9.799386396258735754e-02 3.759776025925474705e-04 -7.547420761930989652e-02 1.357377884810412882e-01 7.695368886788440943e-02 6.741939972041567641e-02 -8.852716446614218582e-02 6.844229072326869778e-02 3.088956389595733931e-01 -1.133269563614658221e-01 4.382561984710198894e-02 -1.889145294995916990e-01 1.983020929740299254e-01 -5.627326864595080802e-02 1.190896782282988009e-01 -2.354770287957221597e-01 2.532493606858819413e-01 -4.891202802888371809e-02 8.083612104876151949e-02 2.132891528483379581e-02 -4.123697410777325129e-02 2.370232337298830982e-01 -2.387987907222050843e-01 3.039883690740705427e-02 1.260577980884045879e-01 2.455554572773553310e-02 -1.370126084888177546e-02 -8.222403112505370995e-03 -1.897820905389664969e-01 9.462337081116913018e-03 7.109550553190213673e-02 1.068834946161190125e-02 1.536325522643865096e-03 -6.926238205368148715e-02 -1.905940463938498794e-02 1.774251136805806428e-01 -2.950947487618635345e-01 2.731427293750064711e-02 -4.277254649834824618e-02 1.932411377403369657e-01 7.841699688805146840e-02 2.131696871798750559e-01 -3.003634068508867494e-01 6.477189862906231055e-02 6.366395437066729723e-02
2.414709813765963109e-01 -2.411716428346022123e-01 -2.192537424944091332e-02 3.329720892490002637e-02 -6.969917853985829748e-02 2.287551687684117874e-01 8.859968710134256270e-03 2.783125523512128829e-01 1.461384649872132235e-01 1.347415918778438193e-01 1.063618224097926251e-01 -1.846341475220300010e-01 -8.444305400397529582e-02 6.138000365271031183e-02 1.960180336254030153e-01 1.747622778403896682e-01 1.601894744959996009e-03 -1.595795493917386287e-01 1.216474862388178257e-01 -1.124843949869530069e-01 1.495765065219428203e-01 1.634331712867873598e-01 6.551777031570248100e-02 -5.056931166302337105e-02 1.756281453586096622e-02 8.214366642509503269e-02 3.269238960003629374e-02 3.645339080512418062e-01 -2.083853386318485212e-01 -1.133447567826668112e-01 -5.208500278765257341e-02 -8.267465309565186216e-02 -3.081474507341866453e-01 -4.831688310206048997e-02 -8.453174702370440385e-02 3.407570925414406954e-02 8.451462600194695196e-02 -1.790637526676643054e-01 1.272868916988397214e-01 2.709542372524923470e-01 -2.986103822032368585e-02 3.142960109701400939e-01 2.118236040218242355e-02 2.731316293695721376e-01 1.818811089552629379e-01 -2.269659807034566934e-01 5.031801633435147719e-02 1.292453110841109420e-01 8.909341204640472411e-03 -5.535033165519637893e-03 1.792807307246962467e-01 -1.240610748088356030e-01 2.472655891910836238e-03 3.244654342176927359e-02 -5.504701790982043791e-02 -2.846685170203035534e-03 1.109366354152656192e-01 5.732947719548817794e-02 -1.422877703141763039e-01 -5.192063184648978286e-02 -1.095725252547507939e-01 1.765583108100953250e-04 -2.293278597382651315e-02 -4.315632601306830518e-02
1.546917571743520146e-02 -2.197098823436687554e-01 5.909343741777645098e-02 3.349229930760941332e-02 -1.783987701596374542e-01 9.404922610893345913e-02 2.392587354672164601e-01 -1.421224234379246387e-01 1.839695726128542097e-01 -4.567406268338536357e-02 4.565049322717183028e-02 -9.600770916804735045e-02 1.519300090508401702e-01 4.863589237013894381e-03 -4.989205313275004057e-03 -1.929903635710385479e-01 -1.059191962083944755e-01 -3.239934598134746602e-01 6.672589416301424360e-03 -1.335512255188558428e-01 3.571055645157313746e-02 -1.051693215983538904e-01 -1.073841923058633657e-01 -6.800180024661274525e-02 1.168753237172470427e-01 1.293799970967001722e-01 1.094180492848529640e-01 -1.061689147411812861e-01 -3.916268590482811784e-02 1.327041333957234281e-01 1.601275467324481394e-01 -8.502703889229967782e-02 1.002478825302242915e-01 1.270043317712292452e-01 -4.315840547935463900e-01 1.319394109218764155e-01 -2.181213948220095122e-01 8.504113284558649510e-02 -2.178912754397531806e-02 2.114300685889189957e-01 -1.476110830826327797e-02 5.670374967108501862e-02 -2.445693610681283839e-02 1.378312610228238921e-01 1.928293215881113007e-02 -3.012850650061860841e-02 1.830409521780274329e-01 9.956088826870877415e-03 3.847701543775276355e-03 1.936409349324698381e-01 2.189088101921981555e-01 4.031306708742648029e-03 -4.044144961237308017e-02 1.680674961384839572e-01 1.527268969271568244e-01 1.016674121441685924e-01 -1.912695365470002407e-01 1.031455226181410105e-02 -1.464046642612513160e-01 1.009318352264292062e-01 3.576181229300175873e-02 1.416467933210212304e-02 -6.753160627798461546e-02 2.951405083660048612e-01
-1.988530211275588988e-01 8.845613968642669633e-02 -2.626878034570142573e-01 7.485537176541602611e-02 -1.258221042222814334e-01 1.793667056297854612e-01 6.610025861297613714e-02 2.672788744855794651e-02 -1.468624026800325610e-01 -9.210609112636232443e-02 5.452900066327869000e-02 5.034694974002112272e-02 3.889669988596409778e-01 1.595685608971024808e-02 2.388116829250861717e-01 -2.247588189781260237e-01 -1.240301849704562587e-01 -9.434762806140066516e-02 -1.691789715373946679e-01 2.127391396970252646e-01 -3.380676665130789849e-02 1.902371527563699594e-01 2.131825853495125100e-01 6.049966005386226559e-03 8.030175400524257323e-02 -1.011726887852729302e-02 1.061936749815853565e-01 1.271820798640063699e-01 -8.362552217075906735e-02 1.021719013468779663e-01 3.320294211558110775e-01 1.011943885248360597e-01 4.607502322264870470e-02 5.323641065650328019e-02 -1.441099583713124632e-01 -1.199278262606539580e-01 6.975834275760753322e-02 -1.992794384814314257e-01 -1.083750883675109467e-01 1.975905855172903347e-01 2.699926163703830206e-01 -1.476946374944007323e-01 2.223260945144944767e-01 -3.688629321011999834e-02 1.983041811896720658e-02 -2.293185261556433471e-02 1.982757045811092134e-01 -2.468366706331695526e-01 6.923133780901175038e-02 -1.340883392939422603e-01 8.022920224365770459e-02 1.968979951955185381e-01 -6.693814780388856914e-05 3.547634982662326020e-02 5.033070248031115690e-02 -1.130795971619373980e-01 2.168574730133363548e-01 2.316653919841236697e-01 6.575527745547053715e-02 1.136792608429123275e-01 -6.383344926818117215e-02 -8.859909702715863811e-02 2.417501274376873399e-01 2.696407928095664874e-01
2.592127919765395763e-02 -2.357318366896657691e-01 -4.005069595226878887e-01 -1.333076661454667688e-01 -1.893218511988758665e-02 2.501190583358124941e-01 -2.993421011479446836e-02 6.739777966780231833e-02 1.811414135576238649e-01 1.886696193174802749e-02 1.075155373304763178e-02 -2.053036416538899511e-01 -1.939433343672452847e-01 3.607894651166899946e-02 6.757554766883697162e-02 9.263261671544545731e-03 5.656079528345500651e-02 5.772007249186631578e-02 -1.107795881276105732e-01 -4.469913796805329020e-02 2.917790773141284988e-01 -1.187586360307733291e-01 -3.850753254012487248e-02 -8.335186674204422830e-02 7.354001359529269144e-02 1.425465071704748177e-01 -4.266191721601647613e-02 6.111602466025658001e-03 -1.010153371585159332e-01 1.047419663188013383e-01 -1.862269174102640715e-02 -5.263655363322452402e-02 -3.354788745672045436e-01 -1.586330490699041917e-01 -1.348149213248656629e-02 1.479618424324851134e-01 6.288131016877319956e-02 -1.604097362291227458e-01 -1.980261320331658803e-01 3.754407212474247107e-02 -2.345412047527140886e-01 2.267237314338408638e-01 -6.528604157840723265e-04 -2.347895427472945495e-01 -1.096109662219454661e-01 -1.059579514850736565e-01 -6.532974181522388513e-02 -2.334947984702357149e-01 -1.188976444607734856e-01 -9.744357970058684093e-02 -1.010124341269931503e-01 1.466406003614562636e-01 1.481454068993678583e-02 -1.516569188516983246e-01 -5.452346035146624775e-02 -1.243881575899271619e-01 -3.633829763496124882e-02 1.180253547715506418e-01 3.972381182999080822e-03 4.322289933962337738e-01 5.512992459063466993e-02 -1.292017746519226740e-01 1.142744996333228541e-01 2.233337500546532239e-01
1.866460266070584795e-01 -1.604094440616190276e-01 -2.087908339205816338e-02 1.745032092159794768e-01 -2.385322574192501599e-01 -2.410644547276889066e-02 -1.412533669574807249e-01 -1.305989480244839629e-01 -1.438351611282259745e-01 1.773221516983972124e-01 2.343470670394794640e-03 -1.307217384396872351e-01 -1.665747347751126706e-01 1.756186967602336004e-03 8.107979127468659120e-02 1.803543335558181471e-01 1.259511871177352860e-01 -2.183954190932295425e-01 -8.885907690767326506e-02 1.540550454861084329e-01 -6.551962547213741050e-02 2.394898648132107177e-01 -1.537181894622531853e-01 8.097975698662186750e-02 -1.105996156203011976e-01 -7.337520298693087084e-02 1.782254081303860649e-01 4.034875866263214900e-02 6.535058766752763204e-02 9.186829689968188661e-02 1.799705080606216479e-01 -1.249129944665581943e-01 -3.133535190147545418e-02 9.553311911968276338e-02 -1.088010480310007411e-01 2.450030300173007547e-01 -8.882948013413034805e-02 -4.391770623849423905e-02 -1.423489480761589709e-01 -2.878943268634073238e-01 2.527741292338208656e-01 3.492590890506943463e-02 -7.267715680427190572e-02 -3.513415741309405121e-02 2.246039573131906886e-01 -1.391386828056910552e-01 1.341158917525260286e-01 -7.903775392149531287e-02 -7.848056980121688453e-02 7.905053417827229145e-02 1.407633092996015689e-01 -7.615412432576867952e-02 -1.087423746646284245e-01 -1.698857958857601935e-01 1.489196892867940547e-01 -8.135348296912388311e-02 -2.541940221639306108e-01 2.026605472571895161e-01 -2.151838407586017798e-01 2.072454681350032191e-01 2.756709898210876059e-02 4.071739090553581908e-02 -8.294402942315245997e-02 1.113839401377141186e-01
-2.678981684406347430e-01 6.813780652747922217e-02 2.201944717485876946e-01 1.176791707943744686e-01 -2.856734565335620202e-01 -1.308535977087703084e-01 3.802021960465017808e-02 9.947889929729474001e-02 -1.838216627224240757e-02 -6.856926143524585959e-02 1.220951181396810609e-01 2.365272877741699253e-01 -2.825316280492290097e-02 8.220939237700561342e-02 -3.382352748904084438e-01 -1.387416956060744944e-01 -3.743342361987581079e-02 -5.201794899800699090e-02 4.721870436605137000e-02 1.459302732156638749e-01 6.897709525283349241e-02 -9.262424620381118356e-02 -2.139065372214916660e-01 7.876662130778658288e-02 -2.576366938071072976e-01 9.004356898097155837e-02 -2.942239902495398865e-02 -7.745521777835728816e-02 5.480198299317803196e-02 1.845154734576617481e-02 3.580033774251876327e-02 -1.144653717238747204e-02 5.932966838787302050e-02 1.309188427477247507e-01 7.037923207517454705e-02 1.454630200819308772e-01 -1.095157517136325677e-02 2.281491524670569149e-01 8.076712560604810964e-02 -9.058603290185780754e-02 -1.553882376688459355e-01 -7.662288136193630764e-03 -1.964998126466820094e-01 -1.395301168805799796e-01 6.583786385792915474e-02 -8.070823637051963151e-02 -1.304923304072052037e-01 -3.038840687916185071e-02 1.481501226418282906e-02 -3.052504959864748083e-02 -5.392251041723832711e-02 1.796277274824953918e-01 4.842021686506998296e-02 -1.108686592802915830e-02 3.499366292968834058e-01 2.741194711824956540e-02 1.932224426792009120e-01 -7.892381666270852081e-02 -2.037060868425760174e-01 -3.306308307031553123e-02 -3.531394042893280794e-02 -7.023100653853053821e-02 1.884116219640672163e-01 -4.301056647181637424e-03
7.267030307495361829e-02 -1.708079247889561503e-02 -6.131384173768630874e-02 1.249567809637611160e-02 2.419311029165239213e-01 -7.818761454537792588e-02 1.628696351122655706e-01 -1.361808377104715972e-01 -6.818589882174268257e-02 1.266070643519022357e-03 7.518346291850977470e-02 2.243274954541583099e-01 -1.602718104356933362e-02 -1.368457808963227385e-01 1.504201665598343951e-01 -5.825506980176416161e-02 6.805989337303061659e-02 -2.784592107450201484e-02 -2.746392605477256943e-01 7.364590778561037887e-02 9.264755631462495700e-02 1.266642878641489334e-01 2.556718193651734139e-01 -1.690131964875310477e-01 7.888235516377777035e-02 5.638059070048501153e-02 -4.471851320704054583e-02 1.190760016202842414e-01 4.607659512894132087e-02 -1.496510116873920604e-01 9.357242150609898501e-02 -1.297229185026359810e-01 -9.218643029228974772e-02 -2.320732905226882414e-01 -6.296261539916594985e-02 -1.582481642089307236e-02 8.704599678768740190e-02 -1.536217148767395199e-03 -2.181124819948226656e-01 1.226770558474602896e-01 -1.759132928944194194e-02 9.685568800551569435e-02 1.292812721939303744e-01 1.967015447282921548e-01 3.030380798963400735e-01 -1.076159628728412705e-02 6.774152024233456859e-02 -1.691526397878874988e-01 1.550205532532377417e-01 -1.682591694245620106e-01 -2.553470445499738672e-01 1.331960353847103373e-01 -7.378947871615176846e-02 1.129467561644735413e-01 5.350677297010392880e-02 -2.305171855781827928e-01 -3.713588147865759526e-01 -1.562655212060084509e-01 -1.663947171701198741e-02 -9.122225509301523649e-02 -9.008530178105286779e-02 -2.063253767909249414e-01 2.361943912225587805e-02 5.314178751633947401e-02
-7.669710968613695223e-02 1.836643626745318447e-01 2.118088904205317202e-01 8.217923167096333192e-02 -2.536777357668028032e-01 -1.322428467997679435e-01 1.212886840364283819e-01 -6.968669540454174027e-02 -7.221693925309380369e-02 1.274914812198841563e-01 1.087006987402314301e-01 2.260020055794787486e-01 -6.477716610306900880e-02 1.721832016774881569e-01 -3.201203875576846131e-02 2.042383040843492037e-01 3.984485715518177457e-02 -1.174471627006942603e-01 -2.306653676240965345e-01 -4.010756622988978504e-02 -3.129071313142304384e-02 1.163237662744796425e-01 -1.398370092777789092e-02 -6.115511689094681874e-02 1.578871449199979460e-01 -3.327176378355069242e-02 -7.444775488566426902e-02 1.562514334431377161e-01 -7.652895371550606785e-02 1.162009200031108302e-01 -3.050747386419998958e-02 -3.121141847216982526e-02 2.152107427578456647e-02 -3.860069673948136187e-02 3.208525678218353272e-03 1.201457908258523055e-01 6.232775475518800845e-02 6.782211589058778634e-02 -8.986343442400521186e-02 1.153839110956637048e-01 9.339629610933530834e-02 1.441518142553319670e-01 -1.141671972352871767e-01 -2.815579118168684558e-02 1.205666077781193390e-01 -8.358653514152301900e-02 -1.516354925083381391e-02 2.486116142990843769e-01 2.813223377827853700e-01 1.737202459143266098e-01 1.332697599876817851e-01 -1.084381810988862549e-01 7.247343719244823956e-02 -3.588376802005536353e-02 -1.516052724380468064e-01 -7.198429602629352608e-02 3.848903364376304176e-02 -7.582241895450635150e-02 -9.524206423954306722e-02 1.969046472686225291e-01 2.276224778307975663e-02 3.301595825040285620e-02 1.554540764340198340e-02 -6.359468840429612080e-02
-2.316547572216634265e-01 2.901996557270286950e-02 -7.170580817717803201e-02 -2.923226382515751731e-01 -5.518843048702494480e-02 -1.517699978478727063e-01 1.629102179051598043e-01 1.077666718597513340e-01 6.609385671569190102e-02 -9.335797252621702569e-02 1.426920338297146262e-01 1.266631223667699924e-01 -5.015382256685303741e-02 -8.006895429541412146e-02 1.427676042583185811e-01 -7.224359950247466466e-02 4.253178416594111111e-02 1.721333302891093764e-01 2.701223652350439042e-01 2.381686934080489426e-01 1.222438303015899175e-01 -2.170162800508290413e-01 -9.538316985956797611e-02 -7.751123338865849310e-02 2.348493167994554487e-01 -1.003556006194950001e-01 4.758660228639818857e-02 9.907348101050789113e-02 -1.056799111653278084e-01 7.331233787547633551e-02 9.161530215005563027e-02 -1.772169632582137333e-01 1.729409870743118527e-01 -2.972849164021895696e-01 -7.989037209552270202e-02 1.356912880989419590e-01 -1.776170268034642785e-01 5.246164887181253844e-02 -1.833330442822364570e-01 -3.134115999910638828e-02 -3.279287289281127005e-01 -1.654781637008375661e-01 -2.282317545992645913e-01 -5.805869140276544160e-02 -2.747495726250290607e-02 -8.919315662086607643e-02 1.111662878873914961e-01 -1.479111429519636423e-01 9.457000404953121164e-02 2.285498049190277103e-01 1.932748791504861063e-02 -5.327868299651063871e-02 -1.766923951407335103e-01 -7.099627677211851895e-02 1.009956628369702014e-01 2.200385275726126147e-02 1.667827839509292975e-01 1.120911823878409930e-01 1.075647457078139808e-02 1.397284940037576417e-01 2.646740502048441912e-01 2.002040234714146383e-01 -4.299073857425512318e-02 1.451883892417374644e-01
5.692032207185802883e-02 1.539058844830855088e-01 9.498092648877103084e-02 -1.417631975465569183e-01 -2.289281916073594991e-01 8.764102573726199885e-02 3.283762280692162361e-01 -8.250307821222775673e-02 -2.980352024139920272e-02 -1.461466254045883095e-01 2.043718091808327531e-01 -2.605461230688425611e-01 -3.145883501306011021e-01 3.593226039615755180e-02 8.081608542662087682e-03 -7.382168503015122674e-02 -3.587394955900328336e-02 1.014547274377622238e-01 -5.843630125843934930e-02 -1.526853326733509097e-01 -1.310158404536999888e-01 1.207738187482785414e-01 -7.349760741605007586e-02 -1.959078346615003019e-01 1.760184744217336422e-02 6.839071560454487719e-02 1.861314422441992522e-01 1.012927070064619101e-01 -7.549161663622168394e-02 8.487136506888459664e-02 1.344168979728450342e-01 -4.360424468149547671e-03 -6.307306606610990109e-03 3.988870917259141474e-02 -1.950951804320017738e-03 3.367898794624046843e-02 -1.497883429396799082e-01 -1.599679696661161221e-01 -1.182440052544465325e-01 7.634036889031911577e-02 3.556387500223345821e-02 1.136307412918328985e-01 -3.711910403598243230e-02 -1.640036933075259551e-01 1.902059351424403022e-01 3.296577245677512376e-03 1.834198956485211252e-01 6.519335256598192407e-02 3.140281991708632758e-01 -3.319921310124900049e-02 1.272848833014813275e-01 1.809718368045936110e-01 -7.850726088441341288e-02 -3.739728648865875632e-04 -2.065908463263955996e-01 -2.190328502300228075e-01 4.439971965625918310e-02 1.200538792889041251e-01 8.377384690329341133e-02 1.134270104218939312e-01 1.240872832450303775e-01 -8.339586203795036623e-02 -3.882037432063666776e-02 1.176270048402819207e-01
3.536253062322994301e-02 -3.808619817116463968e-02 1.867885333968343220e-01 -1.873251144153687819e-01 -7.332104032925264303e-02 -3.179793684654012159e-02 1.708268229216470258e-01 2.639622527324902990e-02 -1.819294306839843722e-01 7.244540918845317201e-02 1.869841079121317418e-01 1.653073435397286739e-01 9.390069782045783187e-02 -2.771949808640659096e-01 -1.041894459464667716e-01 6.438877157188312161e-02 -1.875963765269142132e-03 9.332704785560498595e-02 -1.789428873125195885e-01 -6.085142857209408472e-03 -1.952739826808925494e-01 -2.807986232381088354e-01 4.339245788696554501e-02 1.191600503453084936e-01 3.689173589047960861e-02 -6.269558964059008567e-03 -2.202287130638357071e-01 2.102388451441238593e-01 1.053901603939633516e-02 2.962332853922493570e-01 1.679777878927064261e-01 -2.833711031460771634e-01 1.067801498083345568e-01 -1.963097479842937365e-01 -9.997392071638019906e-02 -3.218246808052478009e-02 -1.636221812234956580e-02 5.874087377565045259e-02 -1.446535471047005195e-01 -1.734793938283148151e-01 8.443609541875292390e-02 -2.849010970039967880e-02 1.373889335979993319e-02 -3.117549496516792695e-01 1.489239845561923271e-03 -1.207910762574936209e-01 -1.268022161608519938e-01 1.113884480669925653e-01 -1.517699308577493411e-01 -1.561351013938314103e-01 -4.724948053841072221e-02 1.157165258704602323e-01 -1.250196871678006805e-01 1.970748783783685953e-01 2.059286937045476940e-01 -1.246554395913680446e-01 -8.961918062773775034e-03 -1.053005890691268986e-01 -2.444828305519210210e-01 1.071074515845682334e-01 1.056609350827520388e-01 2.845205726567336391e-01 -1.272919209098392068e-01 2.007139416445089808e-01
1.499692536576749669e-01 1.837629374296596493e-02 8.515877737243793266e-02 1.138119899911137489e-01 2.804284140502286138e-01 6.912999623351701040e-02 5.796269672170572401e-02 -8.618709484021611078e-02 3.969753266793741436e-02 1.451578166749333265e-01 7.855128994722962443e-02 -2.470992280176237399e-02 2.142494670781093513e-02 -3.597666178650942709e-02 4.850365404920709694e-02 -2.400255770280505518e-01 7.632305820727856849e-02 1.212122276031517010e-01 6.301651510067622641e-02 2.383631568579503996e-03 -2.583857512069072104e-01 -7.555325737300748121e-03 1.520810882053878210e-01 -1.216405922241528964e-01 -2.783795233063481867e-01 -2.195059009369640657e-01 3.728009597516455942e-02 1.335363428486186499e-01 1.572386718090895696e-01 9.073588371714241471e-03 -1.827916620433781836e-01 -1.155495220363626230e-01 1.158013746135073824e-01 1.882072338687985555e-02 1.008661285100324323e-01 5.453750510811607166e-02 -3.867799966652816362e-02 -1.974511363570805381e-02 2.626339216602595061e-01 4.010180343244668100e-02 -1.929513394986525146e-02 1.235830221059535175e-02 1.646437209219490591e-02 -3.066924144320515300e-01 1.242951432147977042e-01 2.653020485669276285e-01 -1.126357469463060285e-01 1.850567918938747780e-01 -3.106838786680859305e-02 3.972623366966394204e-02 1.515653834545717116e-01 -2.997557188841576750e-02 1.757027980764863662e-01 -1.383097062505408981e-01 -1.226137955295209941e-01 -8.393644823368544283e-02 1.267616525315909404e-01 -3.815803659683891791e-02 -2.187268248442081342e-01 3.808089336348801507e-02 -1.088032432323460946e-01 1.034205356669377074e-01 -4.885167521407111219e-02 1.482315356109132481e-02
-8.187077481317941996e-02 5.459125888252659708e-02 -2.596365476264887381e-02 4.006629414471814254e-02 -3.669143056381665158e-01 2.157192849622455513e-02 1.204635525205216828e-01 2.044130890042143679e-04 9.069619508903990768e-02 1.051592073159426377e-01 2.231346780415827125e-01 8.123303359217262654e-02 -2.661450583814561899e-01 -3.342469498711672093e-01 -2.036370318580553174e-01 -1.080834871912481586e-02 -1.395059357315010101e-02 6.484767196523703869e-02 -8.826443486679610984e-02 -1.020786219863198813e-01 7.816117413906700784e-02 8.663598278154938104e-02 -3.442505008203068650e-02 -5.441421191632224083e-03 6.057721901082865901e-02 6.964618910802987395e-02 -1.625495857168315905e-01 -2.884431747582972411e-02 -1.571502619248607568e-01 -5.375478328615928419e-02 1.497144646866722384e-01 7.793145368234911941e-02 -1.552945028358963808e-01 7.605991002822752589e-02 2.103888771166758168e-02 -7.073132120791526811e-02 -2.000722781352369251e-01 -2.183020008925386918e-02 9.615860351034789810e-02 -3.152081533432335436e-01 -5.695862848157944719e-02 2.870691997621417912e-01 8.008592660636439098e-02 3.450482718826611978e-02 -7.606831105892909728e-02 -9.032111362442195313e-02 -8.682292781584608973e-03 2.091498308087497149e-01 7.101699840801095620e-02 -1.250816801450174154e-01 1.657682381849175657e-01 1.593928827802987974e-02 2.400297904792417225e-01 -5.693555442516785858e-02 -1.426942944108040845e-01 2.469635173354384206e-02 1.666366633304448008e-01 1.549658232043124306e-01 1.584615865447345021e-02 -7.077815881228408101e-02 -6.970455191098272330e-02 -2.854281590918242295e-01 -1.294102407924593301e-01 -1.305078684071167908e-02
4.016609445694924174e-02 -5.718588752165868622e-02 -8.058055232072165036e-03 -5.797718941271989834e-02 1.060855093862179410e-01 -1.110864188528931651e-01 1.741076983844116743e-01 2.981440158550670572e-01 6.222331881862011582e-02 -7.414243634065152688e-02 -4.243592251991318287e-02 2.167297774003350275e-01 -1.593292826582261290e-01 -1.469792969380889491e-01 -1.280298904061049625e-01 -1.837054726019861639e-01 -1.317602585591748920e-01 1.202785200188534603e-01 1.559396332037059629e-01 -9.643900921316612973e-02 3.141448949400851842e-02 1.018134703830646803e-01 1.596032656306060199e-02 -1.350492999112262449e-01 -2.042830556368710193e-01 1.409670495349652497e-01 7.219484679488617773e-02 1.471882930713310778e-01 -1.512326425885942571e-01 5.468727577059744049e-02 1.325145182526964172e-01 4.451074669164040848e-02 -1.053621937492264654e-01 1.505509707319473978e-01 -2.103064283566168091e-01 1.366122262425339962e-01 1.535360418024317442e-01 2.244552019224103079e-01 -4.843571004590426637e-02 -1.480068493228866855e-01 1.112061477904339041e-01 -1.065194876127963375e-01 -4.775931138371085176e-03 -4.742076764295819619e-02 -9.971972410155272026e-02 4.935911676774927537e-02 -1.866661664685883848e-01 6.715544466825412728e-02 -1.333205583703193919e-01 -2.466442815230848740e-01 -6.973627424331009170e-03 1.024058933453099035e-01 8.157134368410097480e-02 1.321344068458341625e-01 -3.344467764256549569e-01 -1.421488886402711982e-01 3.631477766043269412e-02 2.178805846120620560e-01 9.930594038068803198e-02 3.391275210635393278e-01 -7.201814647406759584e-02 3.880842364734902322e-02 -1.558137869918262697e-01 -3.342039169406844923e-02
-1.205555724963809361e-01 -9.574069936749866894e-02 -5.564210832845404436e-02 -2.537347172437017049e-03 3.266535701220788998e-03 9.076292167219725260e-02 7.621191704221307039e-02 -2.590525095158477398e-02 -7.623675034995057442e-02 -4.294760163126486174e-02 -2.837113950079618932e-02 1.206494897177257108e-01 1.262942605270791774e-01 1.699181499795060779e-01 -8.323459721829302993e-02 6.368774674250832213e-02 -1.847562415181901729e-01 7.001443735955745207e-02 1.532276999373387016e-01 -1.877831845160793378e-02 1.519619407286024459e-01 -1.661987544067520806e-01 -1.240311757023777051e-01 -1.920641213704574191e-02 1.475133907629196384e-01 -6.091068010954755335e-02 -6.072114715979818472e-02 -7.636315238682821194e-02 3.892148362298247788e-02 1.966202508800395932e-01 1.356433488222994477e-01 9.861454329027129206e-02 -2.927061095020957321e-02 -7.338740601831315880e-02 1.038929219118631397e-01 -1.675453665350663379e-03 -2.616114011710531789e-02 1.288001333185057606e-01 -2.797136966227877289e-02 -1.267962816828170358e-01 1.277585466208710774e-01 -5.388423192217818743e-03 -1.572926168274394187e-01 -1.593796421200262547e-01 4.026781997732624407e-02 3.353447412950930073e-01 -4.814024183331146178e-02 -6.055214428503581658e-02 2.194918453023970983e-01 -9.981530522469228214e-03 -2.055265510201170209e-01 -1.760084822018453399e-01 1.734695757988886922e-01 1.123385858046827140e-01 1.155613986264980159e-01 -8.168010817516897781e-03 -8.071957623218775635e-02 -2.392389647045787757e-02 1.264999473335586162e-02 -5.407367691022824108e-02 8.107017559188053890e-02 -1.781337985029756432e-01 -4.743376529919857837e-02 -9.126944058080205258e-03
-1.262649378266606781e-01 -3.184035854732402138e-01 6.333833531616160639e-02 -1.129472530750520176e-01 1.873511068639298338e-01 -4.154846012796895721e-02 -1.360800760775437990e-02 4.232613726632132589e-02 1.448003304510709910e-01 -7.911363516288037745e-02 1.825721405675629350e-01 2.740247086754374894e-01 1.490430306006133299e-01 2.154487207194654141e-01 2.030577307194632308e-01 2.061565520222334025e-01 2.319025055715528971e-01 5.710744696314214164e-02 -6.045467360843224253e-02 -3.181679752429489860e-01 -1.875020609872395938e-01 -6.891440530989220714e-02 -5.262915368830836660e-02 -2.160840023987503980e-02 -1.387993843642434388e-01 -2.267326862402726517e-01 -2.129309222229105319e-02 4.575902373315730853e-02 -9.228415364161221546e-02 -8.754069490996560510e-02 -9.781877903693017573e-02 -5.512873052334606866e-02 -1.210995071435106429e-01 1.800902823031547972e-01 4.562563474688074300e-02 -1.390138065053841965e-01 -4.632417173600699573e-02 -1.625678639279699300e-01 1.431422130440239138e-01 1.786802989267418651e-01 1.756346272962603094e-01 -1.956950320501814056e-01 -2.574935265201647519e-02 -5.898155570296679390e-02 1.091412458237805000e-01 -1.372983217070735951e-01 -9.372721344879356153e-02 -7.386889900022480804e-02 2.586312484501273809e-02 9.619592886254677011e-02 -4.582199895112814420e-02 1.549315669312005539e-01 1.162507579873115204e-01 -2.100264670769568919e-03 -1.764245433973449240e-01 -1.656313256491255825e-01 1.114638105359965076e-01 -5.855104240029522511e-02 -2.469904257156795291e-01 1.547331354576035323e-01 2.074192217914430647e-02 -1.988337714402018952e-01 1.665648050868911434e-01 1.295671372951241740e-01
-1.402963185139415037e-02 -1.866424001585730019e-01 -1.983194858536256877e-01 -5.297904199916509543e-02 -2.421440019086628648e-01 6.233219486373981627e-02 -1.340639279408639972e-01 5.700160957435927711e-02 -4.530888711812293412e-02 1.013341065136686009e-01 -8.717931139653142814e-02 1.175843219286963892e-01 -1.872729707787419151e-01 9.704916503514848802e-02 -1.138078937506470725e-03 6.634504922228393053e-02 -1.852022723664891457e-01 1.058915218131670360e-01 4.350643973654035740e-02 5.372622043181321527e-02 3.941727347004126553e-02 -3.342503040947564924e-02 1.780687894812473249e-01 -2.204730458165057166e-02 -1.023498081283012867e-01 -1.042278452897699853e-02 -1.394142359885788829e-01 9.217853655023455425e-03 4.280805530475361061e-03 -3.511346831059973528e-02 5.865418089354270531e-02 2.761721497968473438e-01 8.074450069451301337e-02 1.537790451060313535e-01 -6.000522225920008196e-02 -8.788672564379594598e-02 -6.185432712200329003e-02 1.251845442322075119e-01 -3.037898285498389916e-01 -1.594055146157678793e-01 1.401897761913645062e-02 -7.470984169659423968e-02 2.617324950539917650e-01 6.174113688888071411e-02 -6.195452042162259004e-02 -2.188715310332388919e-01 -4.773919080410005816e-02 -1.947472401009825438e-01 7.034971878241295939e-02 2.120752928453639025e-02 4.563068138553021819e-02 3.628633279615208762e-01 -1.283454870137694936e-01 3.647192848002719315e-03 -1.705844951027451761e-01 -1.139835146466543388e-02 2.546880581686249978e-01 9.299841267831623903e-02 -1.983340285766155286e-02 1.006156459900958838e-01 -1.690607062667884297e-01 -5.568235550417034718e-02 1.183050240474852084e-02 2.393045086086566242e-02
-2.506351405343265060e-01 3.865962073505507801e-02 3.948434662805944129e-02 -6.355702916497155130e-02 -9.460398495121722772e-05 -2.068912070671309056e-01 -1.423999538176632940e-01 5.373112717831947382e-02 -9.775514416335637224e-02 -8.681130048416421706e-04 1.630549318724503483e-01 5.729536314880389475e-02 -3.880781763351177083e-01 -3.392510655796803637e-02 -5.346854229360985256e-02 -3.576645154167477914e-02 1.282975340077431858e-01 -1.850643700917566359e-01 3.466033213854988887e-02 2.253323682401039973e-01 -9.286674219193286062e-02 6.022377061745270987e-02 1.386721890719647132e-01 2.973121524153950201e-02 -9.502361647596266336e-02 -1.023553592590832478e-01 9.811806976546835757e-02 1.595817473128591513e-01 -7.949098047903745135e-02 -1.474490522011955296e-01 -1.513287436910882022e-01 2.357143617600460372e-01 -9.608891075331591272e-03 3.341756742179003981e-01 8.884682164388899017e-02 5.766030025446817336e-02 3.754383889802703073e-02 1.458811958259151886e-01 -1.366219658398672154e-01 2.864136169416424127e-01 -1.526981607567269410e-02 -1.471698370422041546e-01 2.450428051159624088e-02 1.528563806704794359e-01 -1.121476354425813421e-01 8.682259360050485764e-02 -1.022381467044911757e-01 -8.819003367666856941e-02 -6.425336072777669549e-02 1.058518561628233878e-01 -1.572730894471175700e-01 9.917041975979842827e-02 -4.857103896918441716e-02 -8.904262912944684027e-02 -1.710722959470569182e-01 -1.701140982550779779e-01 -2.014421409945689467e-01 1.388197601448892260e-01 -3.746607793154900501e-02 8.856776676965971706e-02 1.688306805597524496e-01 -1.725506231016703806e-01 -1.333325416369779692e-01 4.486174311691827621e-02
-2.767004070792567494e-01 -8.191162751080380278e-02 -1.307996327723611463e-01 3.906440764407052152e-02 -6.139429517501158312e-02 2.898639660273176766e-01 1.884593996458081011e-01 -9.447891257406049181e-02 -5.728126351475799904e-02 -4.899965755779712301e-02 5.051962133792978760e-01 -1.506022544979166156e-01 3.774263234982292575e-02 -2.948826885508383788e-01 1.709923905532892766e-02 2.683090753042673415e-01 -5.306967679290883894e-02 1.894782811724125826e-01 -9.187144807283536413e-03 -5.697692027283949440e-02 -3.694595306904329551e-02 -8.956496665851532146e-02 -8.663337135306516112e-02 -1.881178978502210386e-01 2.146713005087135251e-01 -5.783324550987282292e-02 3.714583016326153397e-02 -6.822213560281797928e-02 1.820101184727260235e-01 -1.862326105023900599e-02 1.467663446699967594e-02 -2.578776197708528284e-01 5.599949281707512772e-02 2.599980635521257355e-01 -1.082518701153597912e-01 -6.741566143823415902e-02 -1.645901535379291070e-01 2.461208111251176126e-02 9.054388899989529102e-03 8.469588687414868200e-02 7.672068912999065182e-02 -1.453270161860911736e-01 1.819102120719709101e-02 -4.825695527563034215e-02 -1.290982816651742859e-01 -1.437841540696669501e-02 5.388811357360117071e-01 3.181687743744798236e-01 2.327135086046316220e-02 2.434508822600279787e-01 -7.332227301983722072e-03 5.019523801910756589e-02 -2.757111357719732592e-01 -1.091567677142368104e-01 -1.122936350067935268e-01 1.520548727944734217e-02 2.340022872883845348e-02 -6.632693777120884926e-02 -8.320447217883587820e-02 2.944997141447923059e-02 -1.930703288454575783e-01 -8.664017609059444791e-02 -5.398952407299108941e-02 -1.624805139448862457e-01
-6.531395911540560650e-02 -1.121558033464431364e-01 1.747094533496717506e-01 -4.661953356376511565e-02 -2.755569061360632968e-02 6.393851818220028238e-02 1.337371718782881524e-01 -2.178071244341918400e-01 -5.608244116637205179e-02 -1.279376400202287822e-01 2.673410545437120492e-02 -9.032864317829087525e-03 3.332187457068708225e-02 -1.356644619654521211e-01 -6.844038479857236790e-02 -7.832333484661584133e-02 1.557900321201339533e-01 9.877245353446770237e-02 5.225763438173661179e-02 -3.822200382335695645e-02 -5.545449099812105320e-02 7.202440738432265566e-02 1.119855292701811278e-01 2.142078966266457857e-03 1.628753663161264242e-01 1.766669573087187028e-01 -2.419658970826854827e-01 1.106108800545815007e-01 2.120069868791592954e-02 7.353889074758082622e-02 1.780075381293247383e-01 -1.297407927588731524e-01 -2.291413610407880552e-01 1.635448017229254869e-01 -1.201147212819988763e-01 -1.043592273326102438e-01 2.412023872148804163e-02 -9.069743759300408215e-02 -2.251725864718505388e-01 -6.941081570638877284e-03 -1.109153745509289940e-01 4.875621786348444120e-02 -8.659124511802063218e-02 -9.965362703900704222e-02 -8.462560862913050957e-03 1.499837988750827578e-01 1.275571436900879985e-01 -1.534498093548440634e-01 4.016108110324548841e-01 -4.730935300651110259e-02 -1.636552000183681965e-01 1.866574552303903178e-01 -5.115285025153394616e-02 3.319811061588547885e-01 1.182994746986861800e-01 -2.810323017625568701e-02 2.413971899688358846e-01 1.437748277043413014e-01 -1.660795467013781168e-01 1.690908018611597119e-01 -7.124276817198144096e-02 -1.178411626980165744e-02 1.835406755134931164e-02 -1.146117059666868776e-01
-1.941154325547999882e-01 6.195996541167848870e-02 -1.963258641559571804e-01 -3.695211322067591397e-01 -1.180628556045792421e-01 5.665477429009977556e-02 8.000430433175749825e-03 1.990621726197846775e-01 2.353728580672465737e-02 -1.082390746541472826e-01 -2.276891564812046423e-02 -1.553257112390316608e-01 1.667765922746682894e-01 -1.863346049313963082e-01 -1.126364331864098539e-01 -1.728165372634051997e-02 7.516945069314721201e-03 -1.708009629049863642e-01 -1.278780317917393994e-01 3.977999211124318840e-02 1.609155128902057807e-01 4.162191143555010048e-02 -1.976795862614813722e-03 -2.209579621409314687e-01 -8.518597950249215400e-02 7.176155244634113695e-02 1.505605081883240048e-01 1.565957776189243478e-01 4.143429628391382541e-02 1.891466429933873483e-01 4.272973179655203402e-01 -8.341110298189856331e-02 -1.079208707438081560e-01 2.249605406555590104e-01 5.854441388553255354e-02 9.225875184743588184e-03 5.314367260334920684e-02 -8.309276786761597700e-02 -1.463421525974011317e-01 -1.183278212821414627e-01 1.754386715178385958e-01 -2.167505705871548838e-01 5.718128495005220940e-02 -8.133080827573500871e-02 -3.092248449518470929e-02 1.051879872210873951e-01 1.245239039748983756e-01 5.423064638324068959e-02 -2.610897852191139124e-01 2.207963414794805179e-01 1.846360756745310250e-01 5.965276007093229388e-02 1.445633167059417286e-03 2.805529240541184133e-01 1.318191611381577533e-01 -4.142854283728222842e-03 -2.962837212348495494e-02 -2.861769953520961526e-03 1.741697706690110148e-01 1.818833549035951125e-01 -2.265754315341592107e-01 6.571035821299567314e-02 1.218569651609453380e-01 -1.959927930823725517e-01
-1.407344616753094906e-02 -2.429696364318204571e-01 1.831305248184634735e-02 -3.040660634135404772e-01 -9.739653083914592835e-02 -8.050188873428255898e-02 -4.404517831381312559e-02 2.319311049504244049e-01 7.398877334244877146e-02 -5.568093326629335732e-02 -8.503229733644823707e-02 2.935981503461589440e-02 -1.337298343141786472e-01 1.368560061247237891e-01 2.951351605092291663e-01 1.514489517154046783e-01 5.078754665070420865e-02 2.552924945652591121e-02 -5.717936486534788698e-02 2.496467906919855873e-01 -8.086965208379524872e-02 2.129954670606251932e-01 -1.582401471944921423e-01 -4.189348232541641875e-02 -2.401937028879393698e-01 2.101272734749656812e-02 -1.839725418986621341e-01 2.767419338320997180e-01 8.866292306720725824e-02 9.457869787328915256e-02 6.019130296163891641e-02 -1.539372325621323201e-01 1.755297658517043086e-02 2.697849846615073544e-01 2.611281890467063646e-02 -1.539154285943613865e-01 -2.634759420717016076e-01 -9.119047743903882508e-02 -2.492168006908097311e-01 1.028024060860946720e-01 1.095696268565186093e-01 -1.545204932081660487e-01 6.964537261566429438e-02 -8.375673345802978065e-02 1.474362826016204289e-02 5.498979582145258060e-02 -5.938884082858798125e-02 6.203819807798088143e-02 -2.340220506643653497e-01 1.444864513723041408e-02 -5.891490857911015760e-03 -2.284013813495365530e-01 -2.559314851605244412e-01 -2.316372205619975089e-01 5.609191011317055109e-02 1.753053855086110155e-02 5.505399139294028105e-02 -1.601463794867370172e-01 1.687787450746905116e-01 1.814045475736145718e-01 -1.069500544651932200e-01 1.663200393129210530e-01 -3.562136599068230214e-02 -2.372261034697896731e-01
-2.328592630612581482e-01 1.160416865983857765e-01 -1.471472391968608670e-02 1.165986148814708995e-01 -1.098323790765204540e-02 4.696376289770470142e-02 3.397909852691300969e-01 2.152820895979090932e-01 -6.313497798645420489e-02 5.371960542681594036e-02 1.090026032781579168e-01 1.487993788401691941e-01 2.261361481874117965e-02 -5.552768370852726593e-02 1.520872469997550797e-02 -5.817867340680218241e-02 2.435490256579823098e-01 2.162894101339260799e-01 -2.877283306187990511e-02 6.281078439176214501e-02 -2.192603519568371920e-02 1.604049161867462936e-01 1.501011617009379850e-01 8.041371513319954534e-02 1.244140884997162050e-01 9.159804137673753510e-02 1.651693338307441139e-01 9.367747538335242929e-02 4.612709634563093297e-02 -6.201667951100104520e-02 -2.033581865272831579e-01 -3.895942890766718528e-03 -1.048010785811748086e-01 1.977997368788882160e-02 1.898166550641105232e-01 1.746052543254578496e-02 -5.944239828821491767e-02 -1.093694794407178428e-01 -2.022516606366183967e-01 1.813348218888043983e-01 -2.516453569803331902e-01 -1.410778543073640257e-01 -3.396484210602816467e-01 -4.692663488268445510e-02 -3.234240654687308564e-02 -5.928628857495300830e-02 -2.621503149025171397e-03 -1.038601995883414453e-01 -1.262520185437102926e-01 2.557988346018979509e-01 -4.782929266923596767e-02 1.714999442370773175e-01 -1.183446254676293885e-01 2.544083302397712743e-01 2.108283384197096599e-01 3.267097535532321323e-02 -1.500512607297222190e-01 3.963691274896129907e-02 1.778906403967209920e-02 5.936931296577278167e-02 -1.365916580082222886e-01 -2.153847448080829230e-01 2.265812056126679380e-02 1.631917786033427326e-02
-1.107930176958349909e-02 1.611523619824037912e-01 -2.086191961779803039e-01 1.306446894581274887e-01 -1.058774066597387986e-01 -5.597365044715130883e-02 -7.037002921515249365e-02 3.772168557891411589e-02 -2.706969991246823137e-01 -8.003030897440495395e-02 -2.710343032173325936e-02 2.408637298093850299e-01 4.056655085772595259e-02 1.106010428739817447e-01 1.433905402647783029e-04 -1.400744732527941239e-01 1.241252198941178719e-01 -5.740466803382794636e-02 -7.426768142926069849e-02 2.841370239179985893e-02 1.339215148515743858e-01 -3.749479888278686029e-02 2.155356147863487226e-01 -8.081925251701593815e-02 9.559219550906566942e-02 -1.306964499203635112e-03 2.111867465352421369e-01 4.996471307764951963e-02 -2.241994578481981693e-01 1.704947826177609649e-01 -6.769263333015479965e-03 -7.799484518142746348e-02 1.729533352612833419e-01 -3.721574226116815265e-02 1.202584144098492736e-01 -1.224050280384288703e-01 -1.230893024593509855e-01 2.692257045250474046e-01 -1.113032371068510967e-01 -9.650324672950198746e-02 -2.423379945949564462e-01 1.958849547779021316e-01 3.962884027202945303e-02 3.173628589407884865e-02 1.543017968750166335e-01 -1.866040237149924619e-01 -7.757113996129495759e-02 1.744238030657009435e-03 -2.155882573054447859e-01 1.839602582254727114e-01 -3.100454437913785846e-03 1.604642620636605871e-02 3.339881403335526883e-02 -6.955662812651061677e-02 4.264943564058071290e-03 4.847271498727497852e-01 9.602593043860491173e-02 2.714002031552452121e-01 -3.122386703939126346e-02 -8.603420659804730808e-02 4.571901145580702791e-02 -1.897457327693296281e-01 -3.263359622471636023e-01 1.104732091599009980e-01
8.301771383606391941e-02 1.328969112547478681e-01 3.983821671562343299e-03 2.688158578070736215e-01 -1.347581197106918934e-02 -7.505976297323530000e-02 -3.781870528164981704e-01 1.662674918196407545e-02 1.145998655479605610e-01 1.290226562112722257e-03 2.015415488080360140e-01 3.805275605963978625e-01 -7.575633881399606966e-03 1.861894247522905277e-01 -2.183249341530902332e-01 1.552150740036637722e-01 8.475749295056267049e-03 2.298038069756030630e-02 -2.292866177243419248e-02 -1.937606620161451410e-02 -4.288065899094804095e-02 1.866464191688516072e-02 -2.294541548592214306e-02 -1.634537399038581418e-01 5.981959635873840275e-02 -8.816288906411778870e-02 1.408752251433932345e-01 1.449569279339389498e-02 5.601059736462659505e-02 -2.720611058760598611e-01 -1.689529752586980682e-01 1.338620394115465906e-01 -1.037773566242443102e-01 -6.548265450575289914e-02 -8.129428451850013310e-03 1.795469438013210517e-01 4.950643510541791192e-02 1.981620233936214615e-01 -3.786525665641363170e-02 1.737156233331886568e-02 -1.705921916846584452e-01 1.367821009898407270e-01 -1.055527968930825662e-03 4.662962019728648932e-03 6.466497883263043478e-02 2.068955176914467065e-01 -2.897614178148493966e-02 2.487211941859478193e-01 -1.164084344366954765e-01 5.848688208424341478e-02 2.832543063066366162e-01 -1.133061094398399998e-02 3.467339055013330534e-02 1.570578447941458899e-01 -2.137415563881712652e-02 -2.121819951502500745e-01 -1.400982234267581505e-01 1.149497303966691558e-01 1.415583893016394978e-01 1.322752474826158486e-01 1.638092201404773296e-01 1.018024389685928850e-02 2.934616289145545662e-02 -2.035172713932806576e-01
3.544758345566038915e-02 1.047447896170649734e-01 -8.247853228579415941e-02 7.654907391899225255e-02 -2.569645614961904578e-01 1.052028752141504625e-01 8.957864198430874614e-02 3.240320535670959123e-01 1.969728060437734296e-01 2.134865496325528411e-01 1.644990185897096946e-01 1.554597008031953220e-01 -1.453610666261397344e-01 -3.021403415825157923e-02 2.553154495575754024e-01 -1.946625934209739728e-01 -6.902826985165191886e-02 -1.328136308485850792e-01 2.052837180114962801e-01 -7.785723826130375169e-02 2.131392345219408901e-01 -6.868916313245622407e-02 -6.980984823249446192e-02 1.808113318951987403e-01 1.330226035805984197e-01 -3.854005304133376608e-01 5.418544710939922349e-02 9.839158339055008307e-02 7.713681957617080087e-02 -7.623959653124449953e-02 6.008427317663120847e-03 -5.612061177479068380e-02 2.988558916877712829e-02 -1.818455247960846025e-02 -5.077138304068424396e-02 5.383355780343876580e-03 1.085155492235435476e-01 5.630718360572119219e-02 -7.829685765454007240e-02 3.167148470019747614e-02 1.501349059697493771e-01 1.876822682372933093e-01 1.508824919556587540e-01 7.455612637568412304e-02 -1.260558623023448344e-01 -1.926559389463447514e-01 -2.950035407007887273e-02 -1.811577524835990827e-01 -1.064214502195558743e-01 -2.511655375054280132e-02 -6.896182202507840364e-02 1.882218760451460915e-02 -1.878191888014995314e-01 7.227128023365397835e-02 1.385850439828064939e-01 -7.751834409922889191e-02 1.104266453626122080e-01 4.165217711181843363e-01 7.777667606068732788e-03 1.054960536374523888e-01 2.991466307026444810e-02 1.371255028267424347e-01 -2.433047744536206702e-01 -1.409553178884510316e-01
2.101839019913412029e-02 1.517290013608419696e-01 1.845888475937351031e-02 -2.471837180258914246e-01 -1.185667916107857739e-01 -1.103130627509058409e-01 9.462361675987904230e-02 -8.745061758176385369e-02 -9.777784296838540334e-02 1.538496161103495574e-01 2.338844226702442852e-01 -1.026140644284733935e-02 8.142467218236409954e-02 -2.404336724636717271e-01 3.212445546933470619e-02 1.823321546818175987e-01 7.402580613384766861e-02 7.793612663552916542e-02 -5.484463651633500469e-02 -8.968674043354019076e-02 -2.484197558456102684e-02 -2.297157102536847295e-01 2.297979761775272578e-01 7.979143396815599476e-02 -1.406916801979351400e-02 -8.926510850779589834e-02 -1.441108338158971804e-02 1.134776464773249172e-01 1.829026766589642028e-01 -1.099815431764354090e-01 -1.341067178454597442e-01 2.947226817157904133e-01 1.607385034277916680e-01 1.123915809441282387e-01 2.131800786091844410e-02 1.187074900455123705e-01 -1.811979153587324198e-01 2.319232678685987648e-01 -5.058956537955005932e-03 1.000954992355851947e-01 9.090909516022364911e-02 -3.904791404446619069e-02 -4.357589350212449225e-02 1.711468326618912628e-01 1.580767628427316163e-01 -2.530037653679346743e-01 -2.368251637731887682e-01 -1.072186036088694366e-01 -1.231078549165277314e-01 -1.587495272426144854e-01 3.645507840969032520e-02 -1.091032405243849528e-02 1.705660229509083081e-01 2.383114885785135029e-01 -7.872779833944104633e-03 2.380769062697995209e-01 3.570859797073054273e-03 -1.883233118143033680e-02 3.347304613740758467e-02 1.403084314452064940e-01 -2.264478758097483446e-01 -2.950039905916605407e-02 4.190583582035881105e-02 6.328588651102866336e-02
-4.871791624426258932e-02 9.898374508358945278e-02 4.131223539684818202e-02 -9.550507099924256116e-02 3.058239603011247421e-01 6.191107072312813930e-02 -1.056818637733392303e-02 -6.178278845540009084e-02 1.432321472585840749e-01 1.525648882772996477e-02 4.035341607542656805e-01 -1.394528550957952265e-02 -1.512977647071954701e-01 2.480063061566464139e-02 2.285511022038949278e-02 -2.810646322271091457e-01 -4.679720544539704014e-02 1.929474673278378655e-02 -5.209074061142555945e-02 -8.691375759346781082e-02 -1.869770789847281789e-01 9.518666500605095504e-02 -8.101978321604406952e-02 -1.447732477806323859e-01 -1.062594507632202701e-01 -6.789194975506727958e-02 1.129925925335013674e-02 8.293058056878933881e-02 -8.969134983011274598e-02 -4.976069999124676374e-02 -1.926930102931312117e-01 -4.796825971815604217e-01 2.203258897760276142e-02 2.282831328597939857e-01 1.227721086663774164e-01 -8.694051548491379955e-02 1.317698133980474938e-02 -1.471114684645451753e-01 -1.729475113042616696e-02 -6.936044018351096574e-02 -1.212707985343494527e-01 3.810469963237161223e-02 3.481543756836685266e-01 2.334443919708097948e-01 -6.000057864733956579e-04 1.238155631452202976e-01 1.233190472130898385e-01 -5.887920126952124467e-02 9.532343966642273236e-02 -2.053439330626459225e-01 -1.151458736573288122e-01 8.739663648333033386e-02 -5.866304439211240951e-02 2.870656514214130484e-01 8.788676068088807636e-02 -5.402834922964534770e-02 -6.874377337831484580e-02 7.344015110499262089e-02 -1.200507826866648586e-01 8.127268095251573288e-02 -1.930068350607131167e-01 8.810694686243975005e-02 -2.362531370899467395e-02 6.835353979660817314e-02
-1.366610880603253697e-01 6.698216872386411613e-02 3.411574893207300341e-01 -7.750447624870669683e-02 4.310749194556173086e-02 2.133376663281854602e-01 1.446329713953129759e-01 7.987470026159233794e-02 -1.468379418738912090e-01 -1.803639577938062344e-01 5.616645176503937131e-02 -1.871874120974887853e-02 2.276191340717160713e-02 6.034059297089176127e-02 -9.584141523625927528e-02 8.548258326908815541e-02 2.604695645774442458e-01 -6.676045116659755363e-02 -6.619422738420166485e-02 -4.857222262295252807e-03 1.632480327670378373e-01 -1.796901487856358559e-01 -1.488098759713608332e-01 -3.059878748702806184e-01 -6.095913695176944508e-02 9.479898670260614169e-02 1.446208107158617751e-01 3.515544246451812044e-02 -3.918248407574004277e-02 1.169448460304364362e-01 2.567390702821270229e-02 -2.713067592301215414e-01 -1.736788368165211316e-01 2.297042216748473031e-01 9.676452065983105755e-02 -2.106885298524945604e-01 1.126662433045809292e-01 1.695107334353328499e-01 -6.152310245557130602e-02 7.993486522194065413e-02 -5.296768449631160669e-01 1.186308298426778929e-01 1.476467533024466705e-01 -1.615205833637905486e-01 5.095835546537710176e-02 -4.996320923782763407e-02 -1.193369421888607063e-02 -2.651093727949162607e-02 -1.848348238603726157e-01 2.657261047690288036e-01 -4.533674945623889646e-02 6.971929173365047638e-02 -1.427559674893280339e-01 -1.070734644617949566e-01 5.352508081384366873e-02 7.444308188754891753e-02 1.208833102766800338e-01 2.072587933819137473e-01 2.094700756499729734e-03 -6.645126642206006240e-02 1.076675612778653229e-01 -9.014751666796230745e-02 1.226937676027089752e-01 6.381476665597130005e-02
1.713306558255399126e-01 1.312865983578608009e-01 -1.491211584934551138e-01 -1.364001764033766217e-01 1.017133999138256778e-01 2.705516821239628555e-01 -1.513092703811351192e-01 2.170004236581709114e-02 3.584714894922891998e-02 -2.156773282564761196e-01 1.177860463095924404e-01 3.332580456064712648e-02 -2.690882261434292544e-01 2.674584308633701224e-01 -1.262907207967399470e-01 -1.593074882231392819e-01 5.615317802789704382e-02 1.620876885848835103e-01 1.042425011043188604e-01 -5.231909971582021646e-02 5.954314131389629259e-04 -1.166725222376870930e-01 -1.833149791062152201e-01 1.526121199464981204e-01 -1.354200573730487099e-02 -2.792182204108407256e-02 -2.878005847362820613e-01 -4.957180927133385262e-02 -6.946815112165684314e-02 -6.819283091168511744e-03 -3.838877120601739273e-02 -6.301370267386639801e-02 1.327718341684884229e-01 8.105738350163868566e-02 2.162423641427441978e-01 -2.079414548435664367e-01 -9.366427158167697775e-02 1.625108737156933519e-02 -5.750743462268613493e-02 -2.088905852620708339e-02 -1.680158584948875378e-01 -1.190485297902885570e-01 -2.508669022441319396e-01 -1.284444745668762433e-01 1.071757092337947276e-01 -3.297889177083070111e-02 2.149879482375849360e-01 -4.687701527674321272e-02 2.132013340422009642e-02 -1.725340323361511385e-01 3.664483194577441427e-01 2.992368883415237601e-02 1.173185563053744662e-01 1.010320747004697095e-01 -8.799519338598947582e-02 -1.882178642527505830e-01 1.486092401460239326e-02 -2.194842529995806590e-02 1.350028130303212830e-02 7.967157023281688788e-02 1.325151720398890995e-02 5.333229823305929429e-02 2.093519447290084767e-02 -1.955917902804257535e-01
2.004317319971037625e-01 2.007918471742037581e-01 -1.606779745981500584e-01 5.401253636791420593e-02 -9.600030097664884188e-02 -1.050098221267379978e-01 4.440201255630942673e-02 2.710856459361853377e-01 1.465014429121687667e-01 8.642969569513471451e-02 -1.050158783647991700e-01 4.175453125013632305e-01 1.494682170314943215e-01 -2.987870439796156408e-01 5.648539454600935705e-02 -5.086461056898072819e-02 5.605770225564541548e-02 1.403312943373413169e-01 -1.298233872658884902e-01 2.612789504407798113e-01 2.752410373356993858e-02 1.198576239034876839e-01 1.945880924937352652e-01 -1.043912486192445366e-01 -1.276953054506239915e-01 1.562266289179715939e-01 1.888994203738287858e-01 -2.026707735737381111e-01 3.347969532660396985e-01 -1.477571170027999065e-02 9.336078493999271088e-02 8.084621474868536328e-02 -1.373685482415235859e-01 -1.035232964312726850e-01 -2.417493771763738752e-01 -1.795924612740614490e-01 -2.117352899830466650e-01 2.455346413175728965e-02 1.936627096722480512e-01 -1.796941059895568182e-02 4.700224133768957091e-02 8.188969170514973084e-02 7.402019928573773389e-02 -5.698828844682086309e-02 -1.954118526956549473e-01 -6.288659423119730141e-02 1.035780888695657723e-02 -8.586813879130503202e-02 5.518573183297921514e-02 -4.309925800264412243e-02 8.480960232523582221e-02 -4.723014182986506881e-02 -1.303882688370624765e-01 2.898527559980852986e-01 -1.441327067271679606e-03 7.820089753172008995e-02 -1.566067142664103184e-01 3.714936150786082684e-03 1.302255823677713475e-01 2.211462467139144183e-01 -1.001182689798799930e-01 -1.135496692722485212e-01 -3.722498876991362209e-03 -2.036327434440663997e-01
6.885224100409739235e-03 3.071845445632262472e-02 1.024950077714017055e-01 1.849092875345809128e-01 7.870701232117156831e-02 1.055322439623165437e-01 4.323531719457689160e-02 -3.214233271490905819e-02 -2.847318815085805865e-01 -1.247786835122460802e-01 8.444937373044079931e-02 -1.861365010402340758e-01 6.273389852913049958e-02 -1.802941214319705651e-02 -1.480810279760684245e-01 -4.246890204608020497e-02 9.932950160555745200e-02 2.103509560571630022e-01 -2.738319552006579505e-01 -1.922707785191500596e-02 1.307612397949961536e-01 -5.058487823559938007e-02 1.623921939413161195e-02 -2.114830341113293766e-01 -6.779220302325214553e-02 2.566719957914869177e-01 -1.179142470978567087e-01 -2.303453145502060984e-01 7.241550366255053439e-02 1.306787435881714421e-01 1.590852021705161656e-01 -7.302688141014618273e-02 3.146279777651098813e-02 9.642478656800963777e-02 1.488650616277062966e-01 -1.003123579718679659e-01 2.396305252411205511e-01 -7.484229162019198633e-02 1.001082407250151324e-01 -1.399029969195150248e-02 -8.384429503117274418e-02 -1.099790129822715706e-01 -1.040220438701233152e-01 -6.535814378102497435e-02 -1.353324007023179454e-01 9.416387294733653823e-02 -9.681104612507074325e-02 -4.261790776306697420e-02 7.292799612590113167e-02 -1.631738079906362715e-02 -2.022328271932622712e-01 -7.450135609759900301e-02 -2.780467940736950153e-02 -3.917396560223428137e-02 1.006089854710084525e-01 -1.081027716504318892e-01 -1.461102598727125335e-01 -8.286152321107709273e-02 9.431402706832027472e-02 5.171750873263011167e-02 -2.346438646013456197e-01 8.797471797318089093e-02 1.213910889442248175e-01 -2.250132267257514418e-01
-8.591941202011979528e-02 2.413654055447618518e-01 1.422842677787616306e-01 -1.289000284283797065e-02 6.949157786462233088e-02 2.964919655189007242e-01 1.042478398258649963e-01 -1.549034093407275214e-01 1.884935251425678970e-01 -1.226846211329136876e-01 1.900566645018730572e-01 1.377287821699745007e-01 1.579849018058978039e-01 2.563549456344425548e-01 -2.138550344119599100e-01 1.392284392794054457e-02 2.686655865593906012e-01 2.233979412294231637e-01 2.514506141734092204e-02 -1.429877177553674217e-01 1.372368606846745796e-02 -1.426462320048113852e-01 -2.067470652573016043e-01 8.152640002846571476e-02 9.143866356036785617e-03 -1.109546264490792467e-01 4.862161418934248663e-02 -1.055193674120602776e-01 3.074660199739863153e-01 1.464745250544086108e-02 2.117178226374249184e-01 -1.148687512780725839e-01 8.674067081840403093e-02 2.785922412278066251e-01 9.856994061956511621e-02 1.405182853818932320e-01 -2.458016543023841260e-01 1.239045579282741644e-01 4.297247922568862150e-03 9.463156390006975671e-02 1.220836561000744336e-01 -3.361924307988665150e-01 -8.346969504915821569e-02 -9.674105867677472437e-02 2.946857172232639210e-02 -2.779845555665202972e-01 -1.513408393028726484e-01 1.863670970545809047e-01 2.920819490743634811e-02 -1.547314841969455457e-01 -3.700969247504214826e-02 2.134791023770430118e-01 -2.601563893708556674e-01 1.494043250915998329e-02 -3.726969969520648601e-02 2.644288238267065300e-02 6.023777650197788269e-02 3.300306650385591012e-01 1.169926973053738578e-01 -1.027767605373990506e-01 1.802178859412065792e-01 -1.214340494171270018e-01 6.127739229579162034e-02 2.324330848478028400e-01
1.607035811143218140e-01 1.623540764955475058e-01 -3.155870793626349702e-01 -3.478590562600952785e-02 -8.625980705699064222e-02 1.778822438718734300e-01 1.511366669878684010e-01 5.864628334581029057e-02 1.103390411227171547e-01 -9.146936780367898034e-02 1.463527201125733868e-01 7.122961225278683084e-02 -2.006060098260953883e-01 9.734057419290993718e-02 7.757044661776445194e-02 1.946539772170127469e-01 5.919098532555288478e-02 2.502762336073451888e-01 -2.447627782811931663e-01 -5.062491099451084386e-02 -2.241718692276205641e-02 -6.132688730491805962e-02 -1.168974356334313500e-02 -8.165616058297146818e-02 1.030210656975494438e-01 -1.420154914198341334e-01 4.210149653521152828e-03 -3.312799975072985847e-02 8.891850228137189449e-02 -1.183710926945067549e-01 1.709154519499543057e-01 -3.165706661269421240e-02 -2.034847074203335049e-01 1.310082479893277252e-01 6.753720987176271839e-02 -4.354616822699266393e-02 -1.621205930479212992e-02 8.220605787499206396e-02 -7.529703227929692919e-03 -1.224347824249388261e-01 -2.016835120341430865e-01 5.485401120171517694e-03 -2.376691038684481394e-01 1.565670763302809132e-01 -1.307839843491524212e-01 -1.242872863410604822e-01 -1.431353203327634105e-01 -1.393182424749049575e-01 -1.051245305984116057e-01 -4.141945167779698123e-02 -3.294949316513439697e-01 -2.764800435453170779e-01 -1.012395974278970379e-01 1.758395047018854740e-01 -1.879781543671311672e-01 -1.079597680431540474e-02 1.899057109313717073e-01 -1.153599828059790472e-01 -1.209619355483807814e-02 -1.418035778005486691e-01 1.284620310389315012e-01 6.560151558016830142e-02 8.684549421003097402e-02 3.540971483261305952e-01
2.288665692616825009e-01 2.590348759611586088e-02 -2.856597626163505724e-02 -2.254900817652607525e-01 -2.450097954637324438e-01 -1.408055653459249282e-02 -1.386913775320026687e-01 1.160924657199473020e-01 -1.144877243575813247e-01 -8.207750348105394278e-02 -1.536841467408654738e-01 3.695114455344591375e-01 1.402853443036478909e-01 -6.081617008917113154e-02 5.402742591920592710e-03 2.092473884534913064e-01 -1.433490598805510496e-01 3.706333067033299455e-01 -1.458162198640958473e-01 -2.203043312940070400e-02 -2.328540019937657690e-01 -3.735065168193858476e-01 1.454868605296053830e-01 1.212010608490879382e-02 -2.468225857008415070e-01 -2.335090864606471361e-01 1.453136404909657342e-01 -3.865351911267789903e-02 2.694235392655044969e-01 1.107276962026680356e-01 -2.612214052237964157e-02 4.946291922997974287e-03 -7.849926800521078718e-02 3.131890773004337297e-02 4.810001831901089542e-02 8.780973184883168747e-02 -3.501888304956549819e-02 1.401389620847293682e-01 1.301970671572466598e-01 8.488726896224381424e-03 -1.863540713900808388e-01 -6.985079001126942577e-02 -2.916328968956421464e-01 -1.720719995546290126e-01 1.165229956288105495e-01 6.516577847352253428e-02 -4.407374755018735393e-03 4.706456947555745268e-04 -1.010105619636895435e-01 -7.517262761551608830e-02 1.345709412649461756e-01 1.464072174968159556e-01 -1.939319802943709203e-01 7.811995862433934734e-02 1.416612146829729704e-02 2.331576385976043830e-01 -2.542254676782121359e-01 -4.463048820956068419e-02 1.763588155193692442e-01 -1.737648530158591720e-01 3.395017691082484745e-01 -1.667278908205788723e-01 3.957425529815612915e-03 8.600556232406465773e-02
1.287064051663793784e-01 1.388554329572809498e-01 -6.534763186830055970e-02 1.090740947996821086e-01 -1.093036298033582682e-01 -7.616057053981613312e-02 1.059120212866662691e-01 2.377221625200647837e-01 -3.454755614293934102e-02 -1.254646076733581528e-01 2.315286217475216735e-01 -1.192345071166630160e-01 2.903355404885872293e-01 -9.394464224606828562e-02 8.313425272294341917e-02 1.555922836268976706e-01 1.030874831402466413e-01 1.240465814182336729e-01 7.219276724600932373e-03 -2.316350466706097733e-01 -1.123094207266971678e-01 8.748784076704216317e-02 9.771662377492756901e-02 -1.467785818528533071e-01 4.749120662020568651e-02 3.251174714647111358e-02 2.361349520711639449e-01 -8.022018688561480260e-02 -1.259901180720742440e-02 -1.088053086474196213e-01 -1.523832500856323602e-01 5.364553572102988277e-02 -9.960887914228054585e-02 1.695268478420000058e-01 -3.314630647787177031e-02 1.923842492637277968e-01 5.052163506763336642e-02 5.911381741169034754e-02 -1.626951676100472644e-01 3.092329776282560366e-02 6.042919699848901816e-03 5.464172234824978686e-02 -9.483125681424980913e-02 -2.073210369055564495e-01 5.110213286072397276e-02 1.520197683172448341e-02 3.367169013856251975e-02 1.832968870076435719e-01 -1.290602337600730842e-01 -3.377857877928764352e-01 6.390767405601036066e-02 1.282608615585473510e-01 -6.747745117881590038e-02 6.844752836138885688e-02 -1.536360517885992372e-01 -2.978612662237890563e-01 -2.465278969103349982e-01 6.842153598774447509e-02 2.320900728569223748e-01 -7.072799698178613981e-02 1.176223842799543479e-01 -8.405123346112770844e-02 -7.998509062535592157e-03 1.221720288848137659e-01
2.573569355065971967e-02 -3.376363568684392913e-02 -1.223722338049378494e-01 -3.302384580128970432e-02 1.659337151671703425e-01 -2.236756074140767714e-01 1.591007789365913028e-01 6.284636041560960618e-02 -1.392567615694323691e-01 -1.817033097446408814e-03 3.010846846490822237e-02 -7.643130696827356296e-02 -4.280402226549191030e-02 -1.305424232035809207e-01 -3.024601405503323237e-01 5.008333311152456113e-02 1.387043156790454257e-01 3.258635372560060861e-01 -1.571347787277245778e-01 3.066758282206658581e-01 2.121535429244919280e-01 1.864346861345847761e-01 -1.090891511905072303e-01 -7.951438736565040466e-02 -2.754235794442096985e-01 2.493397969738006190e-02 -6.599262884893664083e-02 -6.028933299495382696e-03 -5.567516609134909311e-02 1.167171181537312724e-01 3.428426624603438111e-02 -1.615849183824373814e-01 -6.489535489150228403e-03 5.810534116571076935e-02 3.440374947631077984e-01 -1.207256170199041793e-02 -1.383924715572892594e-01 -2.027767480532933694e-02 -4.415664890106854243e-03 -3.201446731392403738e-02 -2.608421287123726118e-01 -7.738513367632114670e-02 -1.195934536445637797e-01 -3.857633982528419631e-02 3.092271382711496708e-01 -1.221105072011111209e-01 2.024796060113416840e-01 2.074998739057266062e-01 1.007969603161693040e-01 -1.035234222588194298e-03 8.972152084387131910e-02 4.999998051718107517e-03 -7.729139842864676813e-02 -5.909413387417346980e-02 3.323384875376584474e-02 -2.966604020171985379e-02 -4.145576375632012422e-02 2.653066074238752403e-01 -5.768135705975141470e-02 8.267604390650093449e-02 -7.220736847716680007e-02 -2.251703799377711424e-01 -2.018872554513071460e-01 -6.104940935434409466e-02
9.516908534284802823e-02 1.335810036348450969e-01 -3.403830356006808805e-02 6.783449016917933450e-02 9.105099043813144263e-03 -4.231912793142818957e-02 1.591550280024036090e-01 1.912019707653861145e-01 1.412333334082054859e-01 -4.319762152457374410e-02 1.413905415490643858e-01 -2.406672652303538940e-01 6.254944657432004451e-02 9.076960715848123029e-02 6.410737109860195279e-03 -6.711285106232710122e-03 1.728559870808717147e-01 8.914362285097329752e-02 -1.956061333127917176e-02 -3.206660267630131317e-02 1.421605758430929678e-01 -5.608103602427851053e-02 -1.173971327236008194e-01 -1.538078045644235975e-02 2.406882591968059204e-01 -4.481268584658595899e-02 7.385779232112117676e-02 -7.134713938934200694e-02 2.650056019280752975e-02 -6.110040077926996022e-02 -1.891995529024461387e-01 -1.504333502088885111e-02 1.016049869250133658e-01 2.420461438287941081e-01 1.261454502051094217e-01 -1.449337663250629404e-01 9.818604870096181436e-02 9.009420545503075972e-02 1.977584189750393739e-01 2.785495301880184793e-01 1.708144327751704716e-01 -9.026844438405473570e-02 -4.376825863738671024e-02 1.617478016711496880e-01 -6.256421159666962495e-02 -2.381417177837115082e-02 8.802259205354284743e-02 1.959224430715641729e-01 3.610735508549363371e-02 -4.100944977326139718e-01 4.774524880415022265e-02 2.660356914731895964e-02 -1.380227933181898681e-01 5.493205487861874819e-02 1.538073032748989710e-01 -1.597887701625285983e-01 2.155469645688607716e-01 2.065098163048933455e-01 1.745698157447479471e-01 -1.391680597083038429e-01 -3.302733544385283437e-02 -5.414102676946028897e-02 -4.227769289804227852e-04 -1.938622812345856686e-03
-3.171552997857082778e-02 1.820146312062811966e-02 -2.992763223201903855e-02 2.285681042974537294e-02 -2.364857574133995555e-01 6.716420564492013578e-02 2.760240064816686378e-01 1.693669405807561312e-01 -1.356015940702343936e-01 1.479761903229167841e-01 3.755094785131205537e-01 1.239158876731745636e-02 1.338332063373849912e-01 3.595756345943157961e-01 1.375004642853643044e-01 2.424095804206968241e-01 -1.596264458061867897e-01 1.240673539271726356e-01 5.565065227611001170e-02 8.181030132154445966e-02 1.124462407691408927e-01 8.357671837559610753e-03 -1.850853365449807164e-01 1.507936909950171045e-01 5.359205736524072505e-02 -1.680936942227193032e-01 9.993029968195424328e-02 4.472334864235414514e-02 1.296370928420196578e-01 -2.272940049066214663e-02 2.161759325357983375e-01 8.129615050164462620e-02 -1.117163745504776845e-01 -1.985538143648479248e-01 -4.670271937471726781e-02 -3.564785308841042499e-01 -3.630303537339688025e-02 4.106153220066813964e-02 -1.707898250807074469e-01 -8.801756728281413811e-02 2.184687272640649103e-01 -8.618401604206613054e-03 1.938688461889286341e-01 -2.864813683214552029e-02 -1.838458363484780575e-02 -3.151056590040881566e-01 1.044790848155092156e-01 1.995134127833838589e-01 -4.364950843743573700e-02 -4.546975311260153391e-02 1.141123787532200007e-01 -4.492603903479360644e-02 -1.106432407601982137e-01 8.754152749540176914e-02 -9.020377635727754029e-02 8.641663470604450670e-02 -1.414021382164321328e-01 2.760777159702881289e-01 1.336339362341584791e-01 -1.116553586891377674e-02 -1.214929291151249646e-01 -1.495889910852702953e-01 -1.272358760636310426e-01 -1.900455990905308146e-01
2.027022533217792410e-01 8.532635228473410549e-02 1.514097105159446510e-01 2.300377132772828404e-01 1.828892833776764315e-01 6.716871780508951173e-02 -2.054397858242026573e-02 1.248410961793947754e-01 2.699731767373394001e-02 -3.638170357873803801e-02 -1.628625577702677921e-02 1.974905729897696582e-01 2.370055013935755406e-01 -2.710589047485625902e-03 -6.140669388515635624e-02 1.205596542914971619e-01 -9.146535344888356844e-02 1.684887170503709952e-01 2.459007316643365970e-01 -5.657447327219233130e-02 2.678023160321077456e-03 2.668846191932996992e-01 -5.106907303297290868e-02 1.994560585487340290e-02 -1.325884964096270546e-01 -1.012377014131110170e-01 -2.002963089178988187e-01 3.876203620617201806e-01 1.312579026922442993e-01 1.413048927950883576e-02 -1.539039909182589039e-01 -2.580237406790175103e-01 3.418695658481641503e-02 2.141078813092666365e-03 1.277796141356904169e-01 7.419234618848842555e-02 1.412955819109293631e-01 1.689526572719717706e-02 8.796556352053910843e-02 -6.871886762344547872e-02 -1.208826136802966800e-01 -6.175415463304405328e-02 8.718673404172098962e-02 8.329258813927499505e-02 8.284095222908727935e-03 4.034359731716562203e-02 2.327756886038524764e-01 -2.096584844185463703e-01 -1.733675525420921848e-01 -3.657352637870453504e-03 9.712572241495040504e-02 2.666943932390841709e-02 1.277083328141400131e-01 -3.819454481626979314e-01 -3.361436265805175516e-01 -8.029951101964140359e-02 3.678797136647055654e-01 5.976507921446230082e-02 -2.812449618783586791e-01 -6.300169179084921800e-02 8.951585290109448367e-02 1.360787941528555645e-01 6.622917088664971585e-02 -1.628463719278143429e-02
1.122200280696732527e-01 1.993614147123507485e-01 -7.845106574999897997e-02 -3.187119027156421619e-02 -2.178247681201503014e-02 -2.362021841255164123e-01 -1.421362134984170966e-01 -3.109747574194600128e-01 1.081627598776882353e-02 -4.162505692958014258e-02 7.504096375369083936e-03 3.483849133226937095e-02 9.904598951937473861e-02 -5.781350132850342910e-02 1.681343907312569941e-01 -2.044598218210489649e-01 -5.535676558405143097e-04 6.539947725809905354e-02 1.204737477843820098e-01 -6.858739597530480459e-02 1.506205917282051887e-01 -4.662611264621301099e-02 -1.276352886855402352e-02 -2.108269453782929750e-02 1.000065261340586098e-01 1.192065374343586059e-01 -9.108036960281409855e-02 -2.238417000979713856e-01 -9.589265736518794159e-02 4.231066434734269410e-02 -5.938137686554093540e-03 2.095166070349394408e-02 -1.025548261382740051e-01 1.356164653372314566e-01 3.029370002562218819e-02 -2.504021135892361971e-01 1.979746551568028340e-02 9.850677669513473178e-02 2.033077818538978759e-02 9.749222841434665096e-03 3.122682729445847016e-02 -1.585966662480245981e-01 1.944873852315796570e-01 -4.905646575893046063e-02 2.160563134451734812e-01 -8.503312591934576725e-02 1.424199675969782253e-01 7.624904707067856058e-02 1.868561897639759578e-02 -1.335793977874117078e-01 1.688713282683130534e-01 1.106885564704954833e-01 -1.277263049731200591e-02 2.083129565559056762e-01 5.310109640040272874e-03 3.125137034582669004e-01 1.332494382782478393e-01 1.142233413477710194e-02 2.252789294274717413e-01 -1.696197304428151724e-03 2.860087694845921957e-01 1.154823646862849357e-02 -1.166674129910820132e-02 3.080126788484504816e-02
7.207535597267512861e-02 2.502687631833211968e-01 4.141622290074054025e-02 -2.553134454797763991e-02 -7.075161352642804491e-02 1.180118000114246946e-01 -4.005215396698560970e-02 -1.498432106110273998e-01 -1.357715969860386340e-01 -6.533286346769991149e-02 3.469482526163664149e-02 1.865496179336311455e-01 -5.934095477215055314e-02 1.981393923702980953e-01 -2.239925696440399072e-01 3.902282280850908891e-01 -2.215933583954448616e-01 1.002327759314212696e-01 -3.073865284574326881e-02 -1.090484696877114801e-01 9.984431154215148152e-02 1.365042936152791875e-01 -2.260277613665259352e-02 1.710328544628720027e-01 9.676098176270461065e-03 -1.526150811277114105e-01 -1.364372648798251562e-02 -9.438786000686705258e-02 1.043868967249598489e-01 -3.668884150703490693e-02 -8.081837668624566873e-03 -1.533057436710107690e-01 1.512298420233380292e-01 -2.703520270142772269e-02 -9.902171051741852359e-02 3.505955766976107668e-01 -1.994228733658293395e-01 9.252069571269820603e-02 -3.059885180811141026e-01 3.487734206595820285e-02 2.596231228854639986e-02 -4.160904513755731005e-02 -2.105684828522910168e-01 -1.243263498066711353e-01 -1.046925656005771310e-01 -1.715358289868035568e-01 -1.250425154782374704e-01 2.369190141579202713e-01 6.052020696284984153e-02 1.866231411090793213e-01 -1.408414589583108778e-01 -1.227300561847406019e-02 -2.456622886016414931e-01 -1.296330860826569731e-01 -4.778130706538854383e-02 -5.948272086528087060e-02 2.420914588432177550e-01 6.790871250961875993e-02 -8.340840548919472783e-03 6.191893365797093013e-02 5.583060665623581359e-03 -1.535416666173112232e-01 -8.889654868727958625e-02 2.176018513199017845e-01
2.072951423481751432e-01 6.882129278096628389e-02 1.441769841223395077e-01 2.241728562452909024e-01 -6.274969565602664390e-02 3.755586050121952069e-02 6.219902878562886400e-02 -1.082767592761471886e-01 6.011918521806998428e-02 -1.611291580183853156e-01 5.526681039609284557e-02 -1.680094187837997965e-02 7.873846712660562130e-02 -1.571009851430023030e-01 -5.774238792298976020e-02 2.861436287933680211e-01 -1.015449484435367554e-02 6.724491674401554542e-02 -9.454231684759097087e-02 8.323587560285221343e-03 5.849138995737862556e-02 -7.891655387999325921e-02 -3.370484842615613374e-02 -2.354096030649962742e-02 4.316125965701534534e-02 1.581614739078214815e-01 -9.159323602409871756e-02 8.976427744213268112e-02 1.415223294290195721e-01 5.681503083126967363e-02 1.596000907161382598e-01 1.430712962247358139e-02 1.524752553731019422e-02 -2.740554212880822425e-03 1.077792428074662509e-02 -4.150282082070956557e-02 -2.560307385377637024e-01 1.033614356108698701e-01 -4.557393756830542542e-02 -2.095927886423294972e-01 1.360526820288048000e-01 -1.274177315077098804e-01 1.042195890657996588e-01 -1.078863540135174964e-01 1.428425810658098261e-01 2.625469142593818139e-01 -2.141515211566802912e-01 3.999990224328500146e-04 1.393366537036564712e-01 3.872714797194247438e-02 3.881049230907691883e-02 1.642938130080907611e-01 -1.115766073518306006e-01 -1.518928051347420427e-01 -1.071440935568834518e-01 1.885927553849340854e-01 -1.200760668025550176e-01 -1.701312568765263322e-01 1.892040389662912325e-01 -7.579654845263575358e-02 -6.206348051150286510e-02 -1.971233189547850206e-01 7.477462987250949045e-02 1.034491866712010238e-01
-6.248416114073250538e-02 -1.365898595415693806e-01 -2.675833506681614682e-01 6.748948797609211070e-02 3.667766818141328655e-01 6.561871307941617715e-02 1.230280602574854165e-01 3.690590811042290115e-02 4.876506988772728174e-02 -3.240243916732182816e-02 9.194624155370569041e-02 -7.551756551978405785e-02 -1.546048930438368718e-01 5.093016096108596985e-02 2.245641395472346494e-02 -1.467735756053196727e-01 -7.376811952232986691e-02 2.058365400496937891e-02 1.013634463312907269e-01 2.534642671271073594e-02 -1.997034786385331814e-02 -2.372262514386588028e-01 4.060333956407093103e-02 7.484007493599927063e-02 3.129070768048171636e-01 6.172020607230968570e-02 1.277062888715415068e-01 1.162573796680487631e-01 -2.196912651456245369e-01 2.522511472201077135e-03 -2.095843441156665030e-02 -6.485539425189301710e-02 1.211321709829177445e-01 2.521997560272469796e-01 -7.974601417045097673e-02 -3.891836146629646526e-02 6.180977657869696912e-02 -9.080055433629279082e-02 -2.993234166143811104e-01 -3.559532057686089906e-02 -1.567380683001028396e-01 -2.781267769203069617e-01 1.083958336022572133e-01 2.283713447041141043e-01 8.430390883940112878e-02 5.343237626956913455e-02 6.819092056761831555e-02 2.406953967599205491e-02 6.747567922348160496e-02 -1.964134319966351350e-02 -1.073401067549219212e-01 2.274993218031900744e-01 1.058796929714885121e-01 4.111975878710241172e-01 -1.217432716156425648e-01 -2.043752371852260163e-01 1.836631844647165501e-01 3.667244243891507743e-02 2.190164245935297960e-01 2.835945444039711938e-01 -1.925968791594873386e-01 -1.212586873368917822e-01 -2.378113968056891625e-01 -1.829482766774653216e-03
-9.182691060515736636e-02 -2.393950942613381760e-01 1.412870902195391583e-02 1.703378167750394245e-01 -1.379544699469255897e-01 1.791517856358343097e-01 1.382701135623947419e-01 7.739422164818030893e-03 -1.516463648872805048e-01 -6.614182892030413818e-02 3.483980949958048745e-01 -1.189534830770928517e-02 1.072327392011180880e-01 -9.996501349762198022e-03 -1.537911071116401795e-01 1.114360551405098737e-01 2.338082727325363486e-01 2.261767177574764143e-01 2.279793109120309691e-01 2.244563367406936585e-02 4.079611137695609603e-03 6.264889606156251456e-02 -3.067786560190362624e-02 -6.950647809706882174e-02 -2.226763928314497154e-01 1.415647703842188021e-01 4.660083480845383236e-03 -2.435963618808650311e-01 -2.153538988389797626e-01 2.675466658621219462e-01 1.482045882973990758e-01 5.506004136298121854e-02 -2.074647703832640244e-01 -1.761281143217324069e-02 -9.199356123964796961e-02 -7.035446317002599925e-02 -2.951062877549190736e-02 -8.308313001225700600e-02 -1.971087659768694655e-01 9.586373991261723515e-02 3.490724590850251968e-02 6.071906981620266153e-02 1.408789955179771403e-01 1.530452869333187027e-01 2.457172739134688977e-01 1.288799967150010273e-01 6.976100689848192815e-02 -2.592176114810411380e-02 -1.780670674202545489e-01 8.159474549277036248e-02 -4.160314812519049638e-02 3.344377555835651439e-01 -7.136308905759246313e-02 7.877934280114291810e-02 3.535113842488343816e-02 -2.083467334338724997e-01 -1.143906780235087184e-01 -2.277741130328095331e-01 7.027811812924436574e-02 2.357226639443376487e-02 1.075379478033485076e-01 -1.025571697772823254e-01 -1.500021974001623515e-01 -2.997381748936746304e-02
6.683170579460029348e-02 -1.208594214727592986e-01 5.400155732574663664e-02 5.592284830549804769e-02 1.151046572506738280e-01 -4.498354171846079275e-02 5.461180719727147526e-02 1.929378425533876673e-01 -1.018735410494426841e-01 -5.305340260736276722e-03 3.378552434734237719e-01 9.054399684814076754e-02 1.582661170663362538e-01 7.040198283636259213e-02 1.462361123886897485e-01 8.439286518665002623e-02 -2.958357271987608131e-02 4.184230390832513469e-02 -3.200888208610121882e-02 9.516434816188450163e-02 4.662065854285435754e-03 -1.565052714511461565e-02 1.307073787218088028e-02 3.882003199979199709e-02 2.216962349628644469e-01 -1.323227659889988639e-01 1.463679232057119584e-01 -6.930713671088661876e-02 -6.137375157325073577e-03 -1.732666735864970414e-03 -1.905280681196235282e-01 -8.891159332878315058e-02 -1.921521198107187939e-02 -6.482837693912049670e-02 2.333985055907385753e-01 -1.351031748150418876e-01 -2.405900775787326099e-02 -6.697363986450080575e-02 1.769594587539237152e-01 -1.968519568339993087e-01 5.806762690749479178e-02 1.506176637769675031e-01 1.767723311552074905e-01 2.228656832441596250e-02 2.556999003270933879e-01 -1.396385545657932714e-01 -7.369489695944296537e-02 -4.005136095197107948e-02 4.087923834569010678e-02 -3.004323321037196681e-01 1.335313734541691832e-01 2.304201016476205566e-01 -4.076635024047772088e-02 2.153615152481833939e-01 7.557488295908157405e-02 -1.381509366029346764e-01 -1.022732640694349604e-01 -1.862383112452809311e-02 7.561928255608044158e-02 1.336383557413687029e-01 9.762913850753517087e-02 -8.772021422160787563e-02 1.557597942278527922e-02 -6.976318726880721688e-02
2.323853293453115310e-01 -1.815963048416600889e-02 -9.528263676424076831e-03 -5.332631830392169092e-02 -1.711627418006206880e-01 -8.044734525394756780e-03 1.565997282158027304e-01 -4.012417510877279610e-03 -2.353729584680833986e-01 -2.913418219177585020e-02 -4.702563358091337714e-02 5.660552345195328516e-02 1.625119917773143186e-01 -6.423917789183734850e-02 -2.249377949188349421e-02 2.615989738302361770e-02 -2.030106003337440734e-01 1.322228416568139997e-01 -4.153349295726233015e-02 -1.323386390091935427e-01 -1.861426468406072732e-01 -1.961938171165210007e-02 1.180303799691551497e-01 6.943720322869320616e-02 -1.655143784731615275e-01 -5.029114062128629131e-02 5.713493208399261086e-02 1.515042343237428535e-01 2.602059391194749827e-01 5.069926877469114329e-02 1.473684885788405508e-01 -1.974580823453483125e-01 7.193011713087600623e-02 2.442978542462906633e-01 4.853137097274176637e-02 1.736421632292426964e-01 1.900353453167226148e-01 1.087213930807302276e-01 2.369517307824976493e-01 -5.127838400077192743e-02 -3.378537099604603938e-02 1.948163541418532485e-01 3.535257164788691703e-02 -1.784429608446600757e-01 1.482202861323180659e-02 4.185336969615585656e-01 -3.322170480836514894e-01 2.221376660842167006e-01 -6.789401395799025962e-02 7.274629430761789251e-02 1.155516247884050413e-01 -1.321711749121945723e-01 -2.203559718359561492e-01 -8.321579123624288366e-02 -1.884730821173835613e-02 -2.379415943048629467e-01 8.750623789050673840e-02 1.400905674220530861e-01 7.587028666949477418e-02 2.587458417477156783e-02 -1.850501845749217555e-01 -4.467563375598643249e-02 5.522850135126980940e-03 1.227232191749232371e-01
2.465929558721639131e-02 2.684323961560675098e-01 8.831018678714831760e-02 -9.037527366372187856e-03 6.149426156069655314e-02 2.306298786783625154e-01 -1.155548145497378304e-01 -2.875024377452082419e-02 -5.315229498175624845e-02 -9.463795824160321779e-02 -7.705664307406367985e-02 1.392273456701030865e-01 -3.772402447368559258e-02 1.232608957743630829e-01 -6.534262730022862009e-02 -1.547252910677476556e-01 1.664035009472508708e-01 3.378056022638442069e-01 3.193437429131552874e-02 7.715314188374539084e-02 2.433097063699578011e-01 5.760072921922829159e-02 1.675501122680433386e-01 1.008504423244201004e-01 1.866660985886715862e-01 4.201078952916013215e-02 3.474676766786206211e-02 7.133737447314633662e-02 -1.382957930158558446e-01 -1.011435593342619316e-01 1.890941988312413724e-01 2.014853966700110854e-01 6.086409790507946171e-02 -1.147817405281023329e-01 2.239878175603098598e-01 -1.019120437188883975e-02 -1.669170946210562501e-01 1.093813962574401166e-01 1.262170054512907202e-01 1.121853535225166981e-01 -4.455088727097968049e-02 -9.640038080069796012e-02 -2.071593747150169973e-01 2.124683851482500607e-01 4.206003499688151792e-02 2.172044716170166700e-01 -3.262201115809156698e-02 2.772074533689780629e-01 -2.534157270242980986e-01 2.153778874005294816e-02 -1.170826044849968550e-01 -2.097262418287314245e-02 -1.877427408401478037e-01 -4.727028839716881925e-02 2.649924373866501814e-01 -7.969734199917455353e-02 1.494358210231169770e-01 -2.180160046986846789e-01 3.772021184438988928e-01 -6.066849679165270057e-03 1.309507581022697764e-01 1.753141859695001581e-01 -8.138636023656707630e-02 7.461333902032760146e-02
-2.754120962389349989e-02 -5.919228258908296181e-02 -2.174265119228037391e-01 -3.137879541110345782e-02 1.044440146856389223e-01 1.314418152919559490e-01 7.137307705267408042e-02 7.796775510084871796e-02 4.015956967617820284e-02 -1.035862232796710691e-01 -1.630723737944891616e-01 -3.229831648203615457e-02 -1.988783577745937836e-01 1.519513160024642262e-01 3.507844017623061861e-01 1.635414138272542062e-01 -4.131153581753861659e-02 8.426505980559759190e-02 1.632938684788178829e-01 -8.263110590325432880e-02 1.727690111715230945e-02 -3.194987738688878087e-01 -1.550772404622030587e-01 -8.052079555804481092e-02 9.067783508894641797e-02 -1.093975518832375204e-01 8.018301092461330160e-02 4.683425208429957062e-03 3.119834319302362546e-01 -1.327647493567759573e-01 -2.925672197964259702e-01 -3.445717071704114121e-01 -2.101005305542329171e-02 1.822557028990421379e-01 7.978022973039301802e-02 7.492340786367669703e-02 -9.827761983486369562e-03 5.303641434189027698e-02 -2.137697393603071039e-01 2.596705388683778759e-01 6.753212053038813723e-02 -2.065465330736733218e-01 -2.972264197826107734e-01 7.328775845993368288e-02 -8.384776202084958177e-03 -4.484349418678468258e-02 2.045234812737039276e-01 -3.887489896042629206e-02 -1.165216383121286531e-01 1.003443353015464751e-01 8.348922278334823532e-02 -1.227589132302737557e-01 1.116312615702494543e-01 3.146208665785178993e-01 -5.390758726327433276e-02 -8.592933931678378712e-02 -1.099292632818825166e-01 1.789975966487738213e-01 1.607294659991492236e-01 -1.670392868479061987e-01 1.627815260679733589e-01 1.803899090417598328e-01 4.117943877149536636e-02 -2.967799621949203659e-01
1.195517485097869204e-01 -1.911153622269341212e-01 1.046278635041040794e-01 1.258571906610763680e-01 1.341239188873913357e-01 -3.697893465654121803e-01 -6.280039400345191480e-02 1.268812122277618026e-01 -1.559699720510787473e-02 -2.150622620988681399e-01 -3.242928569639812273e-03 5.243233955138437707e-02 -2.138131669307906657e-01 2.785088066974151788e-01 1.097555861608462691e-01 4.685720646779829857e-02 -1.088406319332931305e-01 4.372834540395409419e-02 -9.231404863768785662e-02 -1.379397681077420279e-01 1.779196898799552742e-02 1.411482410144867805e-01 -2.542903522537539110e-02 -5.830291713111840357e-02 2.408555006277711755e-02 1.080986055308337107e-01 -8.359611277831632825e-02 -2.175233268145486953e-01 1.894493612511521652e-01 -1.721414903923749462e-01 6.582830632648363489e-02 -1.323394775817298905e-02 -1.267710772180473400e-01 2.156720923704132375e-01 1.952243140777822072e-01 5.538608445011759113e-02 5.675305203511006591e-02 8.945374956945117972e-02 -1.390988407895202283e-01 -9.104967748609846256e-02 -2.325322145539164276e-01 1.386340858969536093e-02 1.798021064322800899e-01 -5.638373644558906939e-02 4.376794756679196902e-02 -8.101748263917317450e-02 -6.493072844634975582e-02 -5.643874461844900978e-03 -2.024555708568838708e-01 1.599974957104583762e-01 -1.545098307742658788e-03 2.016796815047586788e-01 4.275704547114160536e-02 -7.082920977551332431e-02 -4.968251830637204769e-02 -2.244166291367793442e-01 1.031291494341212978e-01 8.019860764013311827e-02 -7.376845741345400276e-02 -2.281629223425335473e-01 -7.916058584737123427e-02 -1.565942303890832110e-01 1.874673713604020284e-02 -1.355611301983845607e-01
2.942600774081430282e-01 1.820915082663805973e-01 -5.272755513798432075e-02 -2.266648552022893226e-01 -1.922812945932445353e-02 -2.832014575868452289e-01 1.821049843901398624e-01 1.330587549021056692e-01 2.014798711546789689e-01 -7.787777961531870685e-02 1.657378674643966709e-01 2.506222317289796275e-01 -2.565090427911382101e-02 -6.226325909132615632e-02 1.726873828691972701e-01 4.384050608623769885e-02 4.712715669721331824e-02 8.539059910017014754e-02 -1.763841164347349499e-01 1.590750611812518367e-01 -2.831527936339323648e-01 1.265119758218634094e-01 -3.778985569189843852e-02 -2.653523576984313792e-02 -7.516619136105261167e-02 7.323461998955572982e-02 4.866001344530392764e-02 1.917456896397609356e-01 3.859501848498202853e-02 -1.057502139821073217e-02 -7.060249318990967360e-02 1.510916131088937964e-02 -6.349543539165623807e-02 1.788362253869863472e-01 2.587998895985974546e-01 -2.976924273781980101e-01 -1.843828856098601310e-01 -1.188081820343471345e-01 9.356667881429621414e-02 -1.379521626218925823e-01 7.766233552570799004e-02 1.616499510437120202e-01 8.645682311905540651e-02 -1.495234850634783730e-01 -1.638959720989943969e-01 -3.803923366637193548e-01 6.656910044638587876e-02 -1.287864375419323915e-01 9.950888407789881471e-03 3.117776895312167340e-02 -1.872145277332022129e-01 1.973467880050314427e-01 -1.465180646893140537e-01 -3.371081019533724021e-02 -1.711552124477241366e-01 6.935253217019938209e-03 -1.034172293720104219e-01 3.842828724710498633e-01 -4.627287521955106980e-02 -1.290120106715035315e-03 -3.765381930463601590e-02 1.253924620044123417e-01 3.200472242027061582e-04 -2.033262400627439404e-01
2.956945144330671085e-02 9.664177393596869170e-02 -1.808970497664896537e-01 -1.633882850084784344e-01 -9.496244634905039173e-02 3.437885312519844971e-02 -1.013374767038297333e-02 -2.941765274311709533e-01 -1.093799561273549881e-01 1.614098000233939734e-01 1.449022768715224896e-01 1.504840058287565674e-01 1.977801786252195854e-02 3.413862376817620170e-01 -1.659709939012291025e-02 -1.208162104820757927e-02 -7.358504246621577760e-02 3.005901016892855229e-02 1.107402798267710237e-01 -2.922976868100725101e-01 -1.670512059025973384e-01 1.840307798092810920e-01 -1.065258945279813491e-01 -1.594641211411559623e-01 -2.469383408869295013e-02 -1.075664510084293757e-01 3.036423938161347813e-02 -1.826470524009357055e-01 2.675983399268331286e-01 -1.663819929919110319e-01 -2.141892068625929346e-02 8.725981020740484692e-03 3.484508746338271096e-02 7.161307952980114529e-03 4.997934596339546204e-02 -3.293595343334168590e-02 1.761011311662576684e-01 2.987739963194878130e-03 1.362670010533890697e-01 -1.177787693503875577e-01 -8.440783286046954883e-04 -5.197817036131886781e-02 1.195511761201702716e-01 -8.469394747114035449e-02 -8.666211260529248228e-02 -2.566943148941728745e-02 -3.988948956636999624e-03 -2.558901866839369821e-01 -1.177027882989391955e-01 1.554658826807375216e-01 -3.857477972468013883e-02 3.221012678752390584e-02 8.062920523908140291e-02 1.181809637333609969e-01 2.406808811176780472e-01 8.927135469938948797e-02 -6.561081430174069140e-02 6.419473551454361882e-02 1.434930806448735663e-01 1.248236773125956517e-01 -1.261426548923088864e-01 9.472165602257397177e-02 2.496597882400026780e-01 -1.540892801263073902e-02
-9.971179489163583057e-03 -1.050856111243327062e-01 -1.501716634959550378e-01 -1.623420078961371887e-02 1.118440813542240647e-01 -4.557550908713338400e-02 2.072727942268660639e-01 1.573968744516147378e-01 -5.466646130120567104e-02 1.038943894958022779e-01 3.982707139617634728e-02 8.575949096290813589e-02 1.793441211708261818e-01 3.629982505328326337e-01 -2.005263312530757569e-01 -2.970525832308699640e-02 1.569525927567379520e-01 4.411727572030388345e-02 -6.061934288388416692e-02 2.382660894904154447e-01 -1.292321970176528619e-02 9.842348396781280817e-02 -4.148839858836746858e-02 -2.204246473869608813e-01 -7.368013905995970947e-02 9.406857971915381922e-02 1.482931874530604710e-02 -1.009842125693867360e-01 3.463720995383275936e-01 3.790416994246294247e-02 -1.411356970099154895e-01 1.847429289870556324e-01 1.296272213028676346e-01 -6.838368967997981995e-02 1.340712436304472011e-01 9.233159878262317544e-02 5.623140542525328911e-02 3.474596081428751176e-02 -2.500439859331348158e-01 -6.298667208508219872e-02 -7.852264067266002956e-03 -1.278986457387827069e-01 -7.259675118084331358e-02 9.790678081291272206e-02 -5.322936818389537028e-02 -2.430766873431031150e-01 -9.164859441499348391e-02 -5.093230070352640360e-02 -1.875845858056625695e-02 -1.752315986325214681e-01 -4.571657751615500198e-02 -4.787024798070799864e-02 1.102353060328748330e-01 1.331359247918722719e-02 7.547321126240831568e-02 3.914711791907721922e-02 -1.762483520679410109e-01 4.259310019787539148e-02 2.619984573676255035e-01 -2.182163825723364148e-01 1.361944105155757923e-01 1.395070248405909027e-02 -2.138724841536967791e-01 8.872845067400350616e-02
1.285275189914391880e-01 2.437200174135121383e-02 4.343970993199869346e-02 2.354168505966697522e-01 -8.860189662857627380e-02 2.470809786949989817e-01 2.759973499290079291e-01 -1.557681099499618749e-01 1.531649954937588758e-02 1.000478666686280445e-02 2.394602428720984111e-01 2.431624633955457027e-01 2.473867458534134700e-01 -1.981282983352328220e-01 1.747505879390508776e-01 9.740155532379020376e-02 -2.764952286384850244e-01 2.802227920925364213e-01 -1.563804544187056833e-01 1.116361112864230343e-01 -8.657574619396417315e-02 -4.140128522728604710e-02 6.411110669125931472e-02 -2.965583099486252677e-02 -2.047718186077830960e-01 4.180616800447610470e-02 -1.769591657364489035e-01 7.289842262677351248e-02 -1.088080625997371043e-01 3.489930187897587882e-02 3.726921569216375130e-02 2.855827533123837525e-01 -2.740176534819717125e-01 5.415532974312156633e-02 -1.247138506500872074e-01 4.349923069631789901e-02 -2.336771581469628684e-02 1.302672697417593672e-01 2.002789004440690135e-01 -6.679087131907751607e-02 -2.429496074186235886e-03 7.658145352699394226e-02 -9.670244080210387005e-02 5.581608001963970361e-02 1.309218332156827647e-01 -1.515639114164899215e-01 -2.244099822983373071e-01 5.701659168320710042e-02 1.283790294804423304e-01 -2.141006110506237514e-01 6.863037472793986904e-02 2.776290256730998621e-02 -2.427557724901980782e-02 1.968670703709736736e-01 1.713427471365047347e-02 -1.209272468651791249e-01 3.473750521195964700e-03 2.306074582097416767e-02 -2.116626697030258956e-03 1.597289619401353333e-01 -9.016048414206212502e-02 -1.121630288367387596e-01 3.520814738008770650e-02 8.709370481169508016e-02
-2.704207573346743484e-02 -1.327734963887263198e-01 1.537906747537372623e-02 3.203547382720025594e-01 7.902272205171310959e-02 -2.468517442288368779e-01 -1.005947154897068319e-01 4.051743808279614778e-02 7.528067379993369501e-02 -9.845728839591209869e-02 3.596681572352030676e-01 1.478087901406863469e-01 8.309792852698687227e-02 2.154282097737393875e-01 5.208514693327287101e-03 -2.551135865815778447e-01 -7.629094699058558415e-02 1.362041066977714814e-02 -4.765553352006807186e-02 1.840224997897211417e-02 9.265311815945527496e-02 -1.215536869876797932e-01 -1.071168865095952494e-01 -1.097991756250971292e-02 8.058020149935707366e-02 7.631021418668655631e-02 6.829908235786696924e-02 1.322012152837775956e-01 2.186098168174544984e-02 1.708605239594899183e-01 2.105549900164515459e-02 2.279718047518560289e-02 2.547627199560471567e-01 -3.540331096041673953e-02 -4.886043117101656480e-02 1.762996517204739044e-01 -1.667692225476136852e-02 1.809520553801153286e-01 5.635323300625590809e-02 -2.652656967194787496e-01 3.927185785833755410e-02 3.723011459515068733e-02 -3.059606889186629319e-02 8.697878538526844505e-02 1.768432803704373113e-01 2.074718251192030072e-01 1.021045588557624728e-01 -7.651882641523731488e-02 2.151575134032956277e-02 -1.020920157188258126e-01 -6.521070887728555587e-02 7.555167324169268471e-03 -7.563254317798260087e-03 8.500077940561585887e-02 2.919978731131982475e-01 3.500390916833096000e-02 2.499850521580483931e-01 6.084185710998604724e-02 1.530273910101832002e-01 -7.858648735424977883e-02 6.689527522707570603e-03 -1.013486835307849387e-01 9.774449078952784919e-02 -1.140989683451519993e-01
-6.656765018946629586e-02 6.393840337079569058e-02 6.151605115915385197e-02 4.871431911656859404e-02 -6.700971355443843813e-02 -2.071738144356853328e-01 -2.659259333173342732e-01 -8.751235802638737682e-02 -9.673119945536587383e-02 -9.807185329122873607e-02 -5.396083019353047766e-02 1.631404573625911958e-01 -4.158311118402807996e-03 5.419759539154567901e-03 -1.391034101439321546e-01 2.450055030187705540e-01 -6.095614829635798843e-02 -2.229266010380668572e-01 -1.098505932979192690e-01 -1.848451220796325789e-01 -2.037918363474272576e-01 5.250262718311166088e-02 3.387571610179949677e-01 -1.709764147196463913e-01 -5.999451840989683538e-02 -1.126408208739369393e-01 -3.249499207846346938e-01 1.678997081545404724e-01 -5.567072443628104383e-02 1.231093703582876453e-01 1.654974845306164399e-01 -1.662335291287906844e-02 -1.491018859077362646e-01 -3.821758563556409416e-01 1.467444253450004288e-01 2.708450407913309266e-01 -7.804778721216250326e-02 8.787633334599967427e-02 -5.483528463187651442e-02 -1.078691552277098037e-01 2.162182914118531141e-01 -5.113878941799500366e-02 -2.228489495086885194e-02 1.739918476974714259e-02 3.299937256969565080e-02 -2.265321323704572176e-01 -3.775042485560127503e-02 2.716399149517081946e-01 1.171568491830872055e-01 -8.192437511764741331e-02 2.605110231645281840e-02 2.743382236964652665e-01 4.702889456827908515e-02 4.092046526387260186e-01 4.459595362647761352e-02 3.451885028793959947e-02 -1.428917923873892770e-01 -1.751383701111968172e-01 1.840991978651659589e-01 -6.139682626404924237e-02 -1.061898157425772982e-01 7.976185839213706386e-02 -8.712216937305057585e-02 9.122020012929460409e-02
2.965124007802044659e-02 -5.872209233595967331e-02 3.642957154792878655e-02 -2.268638736502855136e-01 6.095769257236328953e-02 -7.549972722735802388e-02 3.454693290197032723e-02 2.001087399064869765e-01 2.376852342934560568e-03 -9.218897801905537315e-02 1.919886410643426022e-01 5.600121319916460949e-02 1.977934252170870932e-01 -7.058502005082677166e-02 -4.814176181704897528e-02 -1.177760366054672325e-01 -1.969169018546740035e-01 1.003341642269096334e-01 -8.827909104743837665e-02 -1.023455073580239183e-01 1.307944068678912157e-02 -1.623076659979217351e-01 -8.553581709385884441e-03 -7.418231530342331292e-02 2.571309689866643766e-01 -1.194029191993205147e-01 -2.031531831998847626e-01 -8.315969537599356143e-02 7.886457369508384496e-02 -1.030680138811576330e-01 -8.442345362798177322e-02 -1.794392918530383907e-01 -1.198228641806790146e-01 5.815403646446433428e-02 1.681630858564720776e-01 3.840520103230769811e-02 1.280114867837474635e-01 7.376453859551881757e-03 9.119454278092185839e-02 4.175347470486080736e-02 -3.336728146059098586e-03 -3.812206695895996034e-01 -4.270856544934191479e-02 1.298191605082055500e-01 -1.023694494697113960e-01 2.545972462268434322e-01 1.131860641010788843e-01 2.444972346079986036e-01 2.525665429781026039e-01 -2.980868683224822679e-01 1.326848726763361908e-01 1.050677504628631520e-01 1.672358607316377088e-01 1.782014741524526324e-01 -8.542862240366703996e-02 -1.392216978564839724e-01 -1.398427047646346177e-01 7.339181768994658406e-02 -1.007919589130693433e-01 -1.402668213884461501e-01 -8.471048265365813124e-02 4.617063390832883835e-02 -1.135051971666267701e-01 1.541815473599683906e-01
-1.214984465735130525e-01 2.267990669459946373e-01 -1.444514497464682856e-01 -5.077436740296872864e-02 1.289948684528847457e-02 -1.457849382119068005e-01 -5.912663964280166773e-02 6.595336834677248405e-02 -6.821427830228338207e-02 -7.970120528476509758e-02 1.310437497342023321e-04 1.051306726312986606e-01 -8.434994917533364389e-02 2.674595443937555217e-01 -2.845171674227087721e-01 2.606838867033839033e-02 -3.831367293900284077e-02 4.601574559778474210e-02 -1.980760460270850620e-01 9.018556365516890161e-02 -2.425104328678491794e-01 6.015737909183520304e-02 -1.290285596938421479e-02 -7.622529632956479007e-02 -1.838177286685552247e-01 -1.038658051595830606e-01 -3.467751279664078035e-01 8.021871098638125308e-02 9.103244034550206365e-02 9.056197748586049256e-02 -1.854600484493855450e-01 -8.401656665528135781e-02 8.416483890060913464e-02 4.179064649497048201e-02 2.061087865921137907e-01 3.409617608332623367e-02 3.690988759784872425e-02 4.089433889121145416e-02 1.988304667261114045e-01 -8.777017078987819909e-02 -9.208154947647197164e-02 -5.469791574131017270e-02 -2.702794604203856421e-02 -3.528145223849157852e-02 1.384371081182196872e-01 5.356422843803646666e-02 -8.025464244889417287e-02 3.373959101183731657e-01 -7.647360131762552526e-02 8.102299814461078054e-02 -1.226433357819254333e-01 7.687241433544335888e-03 -4.967618919364630986e-02 3.118363624353481800e-01 1.209094604775860261e-02 2.660439716065124069e-02 -2.022140285825136663e-01 9.004794777417962637e-02 -1.077669769214273793e-01 -1.076674749258164504e-01 6.511396759858240069e-02 -6.663196160991451122e-02 2.137878980407127705e-01 1.811579297157591417e-01
9.800759160261959119e-03 4.866778567622062623e-02 -2.559223465377486254e-02 1.986786074234852054e-02 6.549898175843141268e-02 -5.255798627540680251e-02 -1.233656972766926235e-01 7.070773724517098735e-02 2.361089705774754161e-02 -9.488212899307614523e-02 5.262092506404054959e-02 -2.773494299143281286e-02 1.241962104657774596e-01 5.893686292757135958e-02 -3.741717577174244035e-03 1.240731492944115305e-01 2.852500370060158108e-01 1.155457116689587033e-01 8.342194633737494425e-02 1.566537740977509141e-01 -2.152659496569539824e-02 1.134065799876360359e-01 1.793797949294026473e-01 1.756042667791138335e-03 3.990930322590587331e-01 -2.483510741862813009e-01 -1.286601226896155470e-01 -1.775943163642574596e-01 2.428464380648772403e-01 5.480548778400699816e-02 -1.296582360489249297e-01 1.135630770400816586e-01 -4.123848768765642214e-02 3.774680911515137516e-01 -1.411824138212483190e-02 1.243280500868374633e-01 -1.541310190887198173e-01 1.005122526775144021e-01 -6.362576607718736788e-02 -2.046125031764962909e-01 -2.902061278647837250e-01 -1.059461196571571534e-01 1.137998235169319500e-01 4.931425809358825317e-03 -1.902715617003005455e-01 1.984268604813191339e-01 4.633406379617507898e-02 1.491876696906085931e-01 6.856794402818966461e-02 3.568105925945422308e-01 2.346619376081418226e-02 -2.331422288071514221e-02 1.527041619936452821e-01 -2.526757564449271798e-01 3.778849009554804961e-02 -5.356142202279291081e-02 1.849737516804434434e-01 7.043251417725043817e-02 -6.253156827650033223e-02 -9.379320720163575494e-04 -1.831944352677047083e-01 2.612637962152437043e-01 -3.272788304469478188e-02 8.728108422580023451e-02
-9.628824684376748044e-02 9.814027423479161627e-02 -1.182945633680621694e-02 2.479710369040139806e-01 -2.083710865349049368e-01 -6.886343642663692033e-02 -3.466314424404723371e-02 -1.459135872307099902e-01 -2.142406162007370884e-02 1.212530933252825155e-01 -4.675745348205083418e-02 6.839120208306122273e-02 9.754332512274399569e-02 1.146756568730167153e-01 -9.372910562511951871e-02 -3.151689556061261221e-01 -8.075052017380351943e-02 3.863324696030350780e-01 -1.327754169042234811e-01 -1.471070323831565330e-01 2.034012307122019456e-02 -1.197104476822461079e-02 -9.584991268674500353e-02 -2.203628167522810304e-03 -2.587661383713688382e-02 5.104048374787237968e-02 4.704658658181722769e-02 -1.705996634402117129e-01 1.688328821013781178e-01 -1.329826832491391372e-02 -1.100574381220439935e-01 1.486638076680363851e-01 -3.893929616072739665e-03 -4.056068498883242529e-02 1.472835176359252318e-02 4.766495749130845311e-02 1.721280405634403529e-02 1.176772088251588633e-01 -2.582842706657202392e-01 1.402252188058329685e-01 -1.246968562085832601e-02 2.816950392639751971e-02 1.756138372094536437e-01 1.930154105147908750e-01 -1.838616324733704788e-01 1.402587882367486993e-01 2.945837188396288261e-02 1.865063662071873296e-01 -2.198628579528795202e-01 -1.414655581420088959e-01 3.485280114331781864e-02 -4.999364198932718106e-02 -5.470326205099896449e-02 2.466753003017412571e-01 3.136633506366236501e-01 -2.681609561837457884e-02 1.339795839740803018e-01 8.305638818071416074e-02 1.716778539551659655e-01 5.354237996468267508e-02 -1.737314620572543711e-01 1.823532281503195407e-01 -1.214944036519108872e-01 -1.856032273652640785e-01
1.470476615332076409e-01 -1.463456816131754323e-02 1.190693506447906558e-01 5.151986576170264343e-02 -1.381030470512077946e-01 -2.421748808089735083e-01 2.942337843202926795e-01 1.345392092889223234e-01 2.034939137751943794e-01 -2.487960757305462262e-02 2.364170305290811402e-01 3.353894327886237647e-01 9.356847815857232201e-04 -3.696447772571041703e-03 -1.580031646571743512e-02 1.439099897354784510e-02 -3.998033856728890889e-01 -2.799518111650646859e-02 3.987522660577522832e-02 4.411547963604432049e-02 2.494750130556433118e-02 -5.570122595080602423e-02 -2.865223279118421784e-01 1.740093678611370070e-02 2.747432748400312208e-02 -1.308461530209718005e-01 2.827220985060579714e-02 3.588950478651545956e-02 2.700424349372939747e-03 -2.035600358933898485e-03 9.695038123102396599e-02 4.253603792343943479e-02 -1.317152068260085407e-01 2.259444199853387347e-01 2.160654142019283463e-01 -1.446231099973215029e-01 -1.147589730774111472e-01 -6.732138471746984543e-02 8.282191516406096909e-02 7.049180890323568371e-02 8.194018977330774778e-02 2.860693451067500281e-02 -2.045011956348011806e-01 -7.979222747019865114e-02 -2.572034196887695856e-01 1.194675019087926976e-01 1.282297849914175725e-01 1.867175097912946169e-01 -5.158680311962338810e-02 4.464789535374546342e-02 5.289573587952565992e-02 3.076074333868316080e-01 -2.704701993388395342e-01 1.593794218856416367e-01 -5.040077899832205721e-02 -4.963632183120877256e-02 9.742644428386718070e-02 1.201339340928486432e-01 -7.998915392168690075e-02 6.046856267380638222e-02 5.952320099653759383e-02 2.333814106718409553e-01 3.509370989021197429e-02 9.966134688071880132e-02
-2.243834904654463946e-01 -2.998989384881514675e-02 -1.375002844494950527e-01 -3.079132339558628487e-02 2.389610171021442908e-01 -2.571918563970476135e-01 -5.364981665902351059e-03 2.435103721848609626e-02 -7.358813407195591294e-02 1.962336170292014181e-01 2.127407615714860256e-01 2.219279081426729083e-01 -7.767930248136002344e-03 2.108049576132411257e-02 4.610947314400600655e-02 4.181245133892683846e-02 -1.377788790893075821e-01 2.038597429286277962e-01 -2.983690739080472887e-01 1.545291602236604778e-01 2.368402587187373176e-01 3.823467627226640603e-02 1.262725030448596519e-01 -3.993637751274036439e-03 -1.489972157643152662e-01 1.885684860663624507e-01 -1.436496479944642524e-01 2.996698315471775231e-01 2.608817968816625615e-02 2.432408222024738317e-02 -2.217075588164460834e-02 5.808272489168123803e-02 -8.169568905847965357e-02 -3.976640055396591517e-02 2.232280163938950845e-01 -2.294894929264435779e-01 -1.102757167064248728e-01 -1.025158289482332313e-01 -1.507112296106033651e-02 -1.262972074357487928e-02 -2.993049756358989733e-02 -1.877851727425620607e-02 1.147464908263670369e-01 1.126086273683263028e-01 -1.187795150592846349e-02 3.255642602253560475e-02 -1.339908183119010721e-01 2.238773818993319842e-01 3.000545014946665034e-02 -3.459874789468763145e-01 -5.032823463123615310e-02 -4.699238420256179882e-02 1.397334603877168901e-01 -3.218196865539842133e-02 -9.819159520729564550e-02 -7.148398940098411869e-02 -2.471251347955772948e-01 -1.492526878518457001e-01 1.142990088867938958e-01 -1.342605724349450746e-01 1.676835490705971543e-01 -1.477524593709713951e-01 8.813359806684784720e-03 -5.269493704659020811e-02
-1.783656201631492189e-01 5.616084970030672113e-02 -9.167958326984057549e-02 -2.202996271520335156e-02 5.945500218457467484e-02 -1.404649268309910437e-01 3.846689844968404492e-01 -5.166216420102878043e-02 1.081627773627262951e-01 -1.111059019833802834e-02 6.676724962458817358e-02 1.046832732887337941e-01 -6.502387181060691190e-02 2.712379165623530694e-02 -2.634979863586850435e-02 4.114366856304201708e-02 -7.750162570201843404e-02 9.618623633647979676e-02 -1.811582583293178950e-01 -3.862806636049920250e-02 -9.056704348379626679e-02 -6.283155447068539644e-03 5.454302834989847859e-02 1.713779255654694373e-03 2.468310509709538136e-01 -1.925421164669898488e-01 1.488633949818491398e-01 5.644731339710804680e-02 7.531901466888450691e-02 -2.544951865290913662e-01 3.983420158593963672e-02 -5.193085006866052233e-02 3.270520274311573133e-02 -1.955426936306791930e-01 -2.970782676493115282e-02 -4.169438893724105449e-02 1.800352550876812285e-01 -3.764657827043470240e-02 -2.697728130011991521e-01 1.917536845926316735e-02 2.109047242116036114e-01 -1.024226434129267976e-01 -1.253289480366027164e-01 4.537595202866220867e-02 -1.895178472238518430e-01 2.097479307839170137e-02 -3.481680736861329784e-02 7.705204794314599341e-04 -2.604092150798916969e-02 -9.665056438088683033e-02 -7.461682458952553776e-02 -2.319884307438843316e-02 3.762149381058628450e-02 6.153016861572398188e-02 -7.103620848569902613e-02 7.417395021282734147e-02 7.046677464050718487e-02 3.067247751664545774e-01 1.686081033118785322e-01 -2.418059821279998356e-02 -1.468468756873703707e-01 3.608599944753333733e-02 -1.685063587921256101e-01 8.405454374260261374e-02
-5.508512514000846877e-02 2.052243857568547547e-01 -1.537908476849587369e-01 -2.993367248959478977e-02 2.613410672292642428e-02 -1.001768608969647451e-01 2.320085277286397241e-01 4.275683991864944744e-01 1.424464311351782975e-01 -1.138881640952199015e-01 -1.023655135101076002e-01 2.813477485796726102e-02 1.283390711180736228e-02 -2.720138107905385391e-02 -2.107286698287796078e-01 9.329216275969819117e-02 -8.885274900659585751e-02 1.339386519521639507e-01 3.472432112883180877e-01 -2.633163398467024963e-01 -1.636271135213163141e-02 -4.775166257127728790e-03 1.959068372615755099e-03 -9.243163243540779977e-03 2.991903366866957570e-02 -1.623949323988712889e-01 -1.687105431475261277e-02 -8.757154233254438314e-02 -8.359173127811821147e-02 -3.268399271232783759e-02 -2.795711260244341800e-01 -3.673215162676777279e-01 2.803277620573402587e-02 -6.256253419405220784e-02 7.836972839354032494e-02 8.220938698356999863e-02 1.794756221322567902e-01 1.197236636298127932e-01 9.647784559557856521e-02 -2.037471615792210700e-02 1.897424760734059412e-01 -1.696359957093386550e-01 -7.671211836896697778e-02 -1.885789930423458771e-01 5.905870964714735744e-02 -7.699061313482608027e-02 4.549993159145340749e-02 7.777861435243645094e-02 2.929450122394190448e-01 -1.311623633425716695e-01 1.444717521360234722e-02 5.659431954212389149e-02 1.931129878079955731e-01 1.055979840807458152e-02 -1.850888138352807522e-01 -2.340039063074859649e-01 5.978973792203612012e-03 2.330990777467141783e-01 1.828399336482812790e-02 9.275420619393806576e-02 -8.329254140246166588e-03 -1.049946097871078537e-01 1.726997904027557096e-01 -3.159499536210368942e-01
-9.053712533878005564e-02 6.028431962326874505e-02 -1.370155354327378949e-01 1.886975995567082703e-02 1.315109850497087896e-01 -4.005283340623834454e-02 -5.919007357670065875e-03 -2.277644066196282679e-02 -9.535719492224821459e-02 -1.604380441051789577e-02 9.757022529520680953e-04 5.617816521654470097e-02 4.074091692562556988e-01 -7.563515441356015445e-02 4.595166188803148709e-04 3.908199439706597222e-02 2.588597623000993275e-01 -3.091788031887302349e-02 -5.491292488232318338e-03 -9.780940880652813640e-02 2.520827795087668410e-02 1.297459296445571675e-01 -1.046506431430921230e-01 -3.212244185699050791e-02 1.162178980975595993e-01 -1.474378068208160837e-03 -1.330706353546014242e-02 -1.255381267756530694e-01 2.944143065815345017e-01 -4.742080236880526906e-02 -6.565494001543829838e-02 -4.153314315011152891e-02 1.373714564686722150e-01 1.703157540033237993e-01 2.826765366800364568e-02 -2.871983911383985122e-02 5.748930531114698761e-02 5.178812948977364050e-02 1.110463084731781180e-01 1.300019532612469164e-01 -9.148825877912462878e-02 -9.812595887165999342e-02 -2.942723944446576714e-02 -6.965165833792831551e-02 -3.059445070379194220e-01 -1.130382601347258015e-01 -1.278882553823615098e-01 7.303361164641958281e-02 6.648049548780800289e-02 4.018543757912635545e-02 3.757992804025780953e-02 -4.004289324764918195e-02 -2.069948124851977989e-01 1.682128104791842660e-01 -2.123703506587684142e-01 2.772263362583002877e-01 4.317967788671443763e-02 7.858564382689840755e-02 9.845454107115859943e-02 -8.893354617850483812e-02 1.046425745060965001e-01 -1.886221609736598095e-02 -1.187316982213740268e-01 5.269046590272720432e-02
3.636942675824255122e-01 -1.213021533125093199e-01 -3.220934321004295664e-02 1.611428145891804498e-01 -7.052239346859655311e-02 1.728067021390205515e-01 1.944923319216064483e-01 3.800870451333748096e-02 -2.798648254802020563e-02 1.335726763504652970e-01 -4.861995249755883541e-02 1.985775639216345312e-01 2.387095264028751829e-01 2.097933985672088553e-01 1.083165464087960939e-01 -1.151197703728875782e-01 6.878438016343405015e-02 9.936026976577523595e-02 -1.495090642415917992e-01 -1.696524643524108950e-02 -2.098929945225331828e-01 -3.870092662029524233e-02 -1.599674020338492236e-02 7.611232048885524515e-02 1.480084753864442104e-01 -1.998209016538809724e-01 -2.061194060841950726e-01 -2.997937017300451035e-01 2.022449839631369761e-01 -8.236940827903177498e-02 -1.049912052302617721e-01 -5.928480390150351990e-03 -6.698793903147717832e-04 1.011053879482614187e-01 -2.503925267209839434e-01 -5.762758909638309585e-02 -1.881889483851583722e-01 2.632397254603155434e-01 7.513543941339188847e-02 2.685208023070977112e-02 3.065194495438344768e-01 -8.950470946617229695e-02 1.024690236273118199e-01 -2.066725189851198186e-01 3.906939664121871630e-02 3.217848838283262070e-01 5.535770789684262699e-02 -6.778993432614546788e-02 -1.343171528763033029e-01 -2.241858487744498585e-01 6.096063978180568665e-02 2.138149462450156246e-01 1.796828547657082845e-02 -5.870721076565402902e-02 3.253977401497704786e-02 -9.712009967088396090e-02 1.765461487899392112e-01 4.125853655860325757e-03 -8.116019304326393957e-02 -9.867811540777815527e-02 5.661255784973134170e-02 -1.740177448851205622e-01 9.400499178904157815e-02 -5.073517112924529060e-02
-8.320857699392121554e-03 2.070126138611332045e-02 3.201862715098330314e-01 -4.941851310056662172e-02 1.172828476559766298e-01 3.255806524675858293e-01 1.001292827702054689e-01 2.963573543361456286e-01 1.136092491003531241e-02 1.128580823665284449e-01 -2.238420738565175677e-02 -6.550072821943291046e-02 -9.657430479991471750e-02 3.236295683288548802e-02 2.180888900859836999e-03 -1.347815430198451569e-01 -2.238351685846741712e-01 -1.498294736786313641e-01 3.008858260116328287e-01 1.731079849559144165e-02 -3.109676001145687541e-01 -1.536130542730212989e-02 -2.058873337709565474e-02 -1.947617395662874229e-01 1.610196754869977764e-01 -6.674527645057083680e-02 -1.502614860368208481e-02 -5.676858132750979558e-02 9.318428095410938305e-02 1.575287298844308959e-01 5.407942078092867200e-02 -6.363120851319573057e-02 2.228076720227738228e-01 2.219553278562418630e-01 -1.489507974844913318e-01 -1.897986142122667363e-01 -1.028620163675947885e-01 2.404233797018023033e-01 -2.583954865681193161e-02 -1.043017111434023647e-01 -5.318962527483613208e-03 -1.045310749302601899e-01 -4.707307784151057439e-02 -1.514357221456348324e-01 -1.015451451459072618e-01 -3.793131267912009524e-02 1.790086726345236356e-01 2.249486229458809161e-01 1.347566720500739390e-01 4.904254552263300621e-02 -3.710324606646738799e-01 3.447010754346541694e-01 1.581032757687119705e-01 5.859738839277395597e-03 -9.360605098497083720e-02 2.631455838949445236e-02 8.170257728828905427e-03 -3.252368133340608619e-02 2.570045756993177277e-01 -1.210319128868926480e-01 3.721873699220106663e-02 -1.703068805786406292e-01 -3.645061686530394474e-02 1.393610746955297464e-01
-1.613114851904897534e-02 -4.532300671491831801e-02 -2.755137122897119428e-01 -7.363305227245302287e-02 -5.011144217911607524e-02 8.518929345405415465e-02 2.265517977896618074e-01 -1.366487202320500749e-01 1.108022807326356773e-01 -1.366931696305322685e-01 2.178792844762867109e-01 2.940660183628880653e-02 1.188765859157365212e-01 2.520265188170131010e-01 -2.751375441115714304e-01 4.008714478197340780e-02 1.956205660230433407e-01 2.197406794979110956e-01 3.063999433222571178e-01 -6.831722268913417717e-02 1.442971012161903543e-01 8.824128681987847278e-02 8.499017186510391536e-03 -1.431636048421510987e-01 2.970597702118734154e-02 2.708968035250847728e-01 1.560242884357885829e-01 5.791995743788428547e-02 1.386013015655228157e-02 -1.865740047754223252e-01 -5.497908981872499934e-02 -1.284820923722443387e-01 -5.033324514944920169e-02 1.576892707652792214e-01 2.299970729831374294e-01 1.240535829352394093e-01 6.114408798546431406e-02 -5.024682573258788809e-02 6.208369492864000000e-02 -2.670023206313782427e-01 1.548729923290521893e-01 -2.256700380765415681e-01 1.659365680042817759e-01 -8.967407582420564016e-02 3.296095965272197725e-01 -3.513974437796155148e-02 -3.345853183102810713e-02 1.426842282758608860e-01 -1.861430026343328659e-01 2.903703519109418832e-02 -1.435859031742850733e-01 1.863791879059193135e-01 7.067168738931942085e-02 8.882704013106919316e-02 1.736559375338539990e-01 2.029354511452874030e-02 -3.046040171354835180e-01 -4.542897879304354930e-02 -9.085967783830828370e-02 7.183068891813269852e-02 -2.637350617844068726e-02 -9.093804182601214481e-02 -1.153983714186358894e-01 -6.199346124535654035e-02
3.628358313755945114e-02 1.572877632429876271e-01 5.304191867210253895e-03 -8.778928427067322904e-02 3.224997108714087925e-03 -1.877396226205612084e-01 -2.253147087421805694e-02 2.382704812217985302e-01 1.487461430004627383e-01 3.173350060983256560e-01 -4.314809602258001808e-02 4.604707117417582984e-01 -3.453579318377985458e-02 -5.890386879893613065e-02 1.039443585188604829e-02 8.949160901715648431e-02 7.847523973219852058e-04 9.428243891800691667e-02 2.918108039391102415e-01 -1.664727763547477202e-01 -1.653501559081822503e-01 1.714937118543043842e-02 -1.139676932269302265e-02 7.200249023884070648e-03 3.241503857249879439e-01 2.334742808319863194e-01 6.844212742114767767e-02 -1.109062839083673341e-01 1.174150765129252372e-01 -2.323324924745710507e-01 -1.425752881704732133e-01 1.066420864992170536e-01 -1.328617237783127347e-01 -8.316969262237888794e-02 8.246320153125794028e-02 -4.451115798213018948e-01 1.261894088578215285e-02 6.693901982106748028e-02 8.030271722393786393e-02 2.118857213617787727e-01 -7.338578304954745946e-02 -1.006887119367817357e-01 -1.334799142440490916e-01 -8.778489809666965848e-02 -8.971564091255049278e-02 -1.017029240889652936e-01 -2.910444488907866778e-01 -1.252937473197849871e-01 1.168785413153508312e-01 -4.981229506605616003e-02 -7.076611964522509790e-02 3.014509672069604074e-02 4.436755943327478496e-02 -1.313544711858461722e-01 1.274882468540228242e-01 -2.940837493044194395e-01 1.524705280521204687e-01 1.184666111089142937e-01 -2.506887290220581876e-01 -4.022428139343622346e-03 5.840005301650055825e-02 -1.688816373914782676e-01 -9.517494390913051536e-03 -2.257204263270418121e-01
9.822316483229305561e-02 1.298879806874532750e-01 -2.002952415017544320e-03 -3.848917858024643035e-01 -1.053034823085832392e-02 -4.195027925350570258e-02 -5.083490878964781051e-02 -1.696526429709627193e-01 -1.212243369584628944e-01 -6.895334053546235686e-02 4.464414588413440077e-02 1.844161736143229147e-01 1.261300680968499843e-01 5.898178413713557611e-02 -1.765587243908237902e-01 4.798418435727649922e-02 6.644820402784269719e-02 2.009856124759815121e-01 1.357132781465176796e-01 -3.260757733462489871e-01 -2.127146961106211043e-01 -6.804393991335465353e-02 1.128835794569408718e-01 1.192334697493506179e-01 -9.136991668696532731e-02 2.922214205920971031e-01 -2.843809277581907380e-01 -4.927158137646953096e-02 1.802046120665827533e-01 -5.018695780650662963e-02 -1.551123110973884611e-01 1.716698586788300562e-01 -1.846404809429594632e-02 3.393702150666167566e-02 2.205928809224567966e-01 -1.423828375560141080e-01 1.115616895914323288e-02 -3.567687282653299319e-02 -1.694762971383136363e-01 1.247478849302723070e-01 7.566435860351959641e-02 -3.087664733082420149e-02 -1.086619683383443537e-02 1.988375413987611418e-01 -3.522698667610031920e-01 -3.891764474833691451e-02 -2.187839821250617267e-01 6.927446023388500462e-02 1.776995114562346934e-01 -1.223536243326846795e-01 2.148664292990695168e-01 1.436968413845099712e-01 1.105454257688760628e-01 1.709195221785937691e-01 5.504872143507757304e-02 -1.324111887686870159e-01 -9.627288377282502974e-02 5.282831378850521425e-02 -2.790495665600558825e-02 6.460791486588998711e-02 -3.188390552042562054e-01 4.845859171573978913e-02 -1.415701782661637521e-02 -4.284129127016425564e-02
